Lipid,Lipid n%,CHOL %,DSPE-PEG %,CHIP,FRR,Org FR,Aq FR,TFR,Size,PDI,Population,Chain length 1,Unsatturation chain 1,Chain length 2,Unsatturation chain 2,SMILES 
HSPC,60,40,0,SR,0.32,3.84,8.16,12,773.9,0.189,1,18,0,18,0,CCCCCCCCCCCCCCCCCC(=O)OC(COC(=O)CCCCCCCCCCCCCCC)COP(=O)(O)OCC[N+](C)(C)C
DPPC,80,20,0,SR,0.2,2.4,9.6,12,639.5,0.3,2,16,0,16,0,[O-]P(OCC[N+](C)(C)C)(OC[C@]([H])(OC(CCCCCCCCCCCCCCC)=O)COC(CCCCCCCCCCCCCCC)=O)=O
DPPC,75,20,5,ZZ,0.42,5.04,6.96,12,566.9,0.189,2,16,0,16,0,[O-]P(OCC[N+](C)(C)C)(OC[C@]([H])(OC(CCCCCCCCCCCCCCC)=O)COC(CCCCCCCCCCCCCCC)=O)=O
DPPC,80,20,0,ZZ,0.22,2.64,9.36,12,532,0.222,2,16,0,16,0,[O-]P(OCC[N+](C)(C)C)(OC[C@]([H])(OC(CCCCCCCCCCCCCCC)=O)COC(CCCCCCCCCCCCCCC)=O)=O
DOPC,60,40,0,ZZ,0.46,5.52,6.48,12,526.6,0.074,1,18,1,18,1,[O-]P(OCC[N+](C)(C)C)(OC[C@]([H])(OC(CCCCCCC/C=C\CCCCCCCC)=O)COC(CCCCCCC/C=C\CCCCCCCC)=O)=O
DPPC,80,20,0,SR,0.24,2.88,9.12,12,495.4,0.224,2,16,0,16,0,[O-]P(OCC[N+](C)(C)C)(OC[C@]([H])(OC(CCCCCCCCCCCCCCC)=O)COC(CCCCCCCCCCCCCCC)=O)=O
DPPC,60,40,0,ZZ,0.3,3.6,8.4,12,455.1,0.359,2,16,0,16,0,[O-]P(OCC[N+](C)(C)C)(OC[C@]([H])(OC(CCCCCCCCCCCCCCC)=O)COC(CCCCCCCCCCCCCCC)=O)=O
DMPC,100,0,0,ZZ,0.5,6,6,12,98.59,0.216,1,14,0,14,0,[O-]P(OCC[N+](C)(C)C)(OC[C@]([H])(OC(CCCCCCCCCCCCC)=O)COC(CCCCCCCCCCCCC)=O)=O
DMPC,100,0,0,SR,0.48,5.76,6.24,12,62.89,0.285,1,14,0,14,0,[O-]P(OCC[N+](C)(C)C)(OC[C@]([H])(OC(CCCCCCCCCCCCC)=O)COC(CCCCCCCCCCCCC)=O)=O
DMPC,100,0,0,ZZ,0.46,5.52,6.48,12,78.02,0.259,1,14,0,14,0,[O-]P(OCC[N+](C)(C)C)(OC[C@]([H])(OC(CCCCCCCCCCCCC)=O)COC(CCCCCCCCCCCCC)=O)=O
DMPC,55,40,5,SR,0.28,3.36,8.64,12,421.8,0.128,1,14,0,14,0,[O-]P(OCC[N+](C)(C)C)(OC[C@]([H])(OC(CCCCCCCCCCCCC)=O)COC(CCCCCCCCCCCCC)=O)=O
DMPC,55,40,5,ZZ,0.34,4.08,7.92,12,413.2,0.169,1,14,0,14,0,[O-]P(OCC[N+](C)(C)C)(OC[C@]([H])(OC(CCCCCCCCCCCCC)=O)COC(CCCCCCCCCCCCC)=O)=O
DPPC,75,20,5,SR,0.4,4.8,7.2,12,409.9,0.191,1,16,0,16,0,[O-]P(OCC[N+](C)(C)C)(OC[C@]([H])(OC(CCCCCCCCCCCCCCC)=O)COC(CCCCCCCCCCCCCCC)=O)=O
DMPC,55,40,5,SR,0.32,3.84,8.16,12,357.1,0.156,1,14,0,14,0,[O-]P(OCC[N+](C)(C)C)(OC[C@]([H])(OC(CCCCCCCCCCCCC)=O)COC(CCCCCCCCCCCCC)=O)=O
DPPC,75,20,5,ZZ,0.38,4.56,7.44,12,337,0.193,2,16,0,16,0,[O-]P(OCC[N+](C)(C)C)(OC[C@]([H])(OC(CCCCCCCCCCCCCCC)=O)COC(CCCCCCCCCCCCCCC)=O)=O
HSPC,60,40,0,SR,0.28,3.36,8.64,12,335.7,0.194,2,18,0,18,0,CCCCCCCCCCCCCCCCCC(=O)OC(COC(=O)CCCCCCCCCCCCCCC)COP(=O)(O)OCC[N+](C)(C)C
DPPC,75,20,5,SR,0.36,4.32,7.68,12,329.3,0.243,1,16,0,16,0,[O-]P(OCC[N+](C)(C)C)(OC[C@]([H])(OC(CCCCCCCCCCCCCCC)=O)COC(CCCCCCCCCCCCCCC)=O)=O
DMPC,100,0,0,SR,0.44,5.28,6.72,12,72.78,0.289,1,14,0,14,0,[O-]P(OCC[N+](C)(C)C)(OC[C@]([H])(OC(CCCCCCCCCCCCC)=O)COC(CCCCCCCCCCCCC)=O)=O
DMPC,100,0,0,ZZ,0.42,5.04,6.96,12,600.9,0.208,2,14,0,14,0,[O-]P(OCC[N+](C)(C)C)(OC[C@]([H])(OC(CCCCCCCCCCCCC)=O)COC(CCCCCCCCCCCCC)=O)=O
DMPC,55,40,5,ZZ,0.3,3.6,8.4,12,328.4,0.132,2,14,0,14,0,[O-]P(OCC[N+](C)(C)C)(OC[C@]([H])(OC(CCCCCCCCCCCCC)=O)COC(CCCCCCCCCCCCC)=O)=O
DMPC,55,40,5,SR,0.36,4.32,7.68,12,327.8,0.221,2,14,0,14,0,[O-]P(OCC[N+](C)(C)C)(OC[C@]([H])(OC(CCCCCCCCCCCCC)=O)COC(CCCCCCCCCCCCC)=O)=O
DPPC,55,40,5,SR,0.48,5.76,6.24,12,325.9,0.08,1,16,0,16,0,[O-]P(OCC[N+](C)(C)C)(OC[C@]([H])(OC(CCCCCCCCCCCCCCC)=O)COC(CCCCCCCCCCCCCCC)=O)=O
DMPC,55,40,5,ZZ,0.38,4.56,7.44,12,325.7,0.027,1,14,0,14,0,[O-]P(OCC[N+](C)(C)C)(OC[C@]([H])(OC(CCCCCCCCCCCCC)=O)COC(CCCCCCCCCCCCC)=O)=O
DMPC,55,40,5,SR,0.4,4.8,7.2,12,318.5,0.093,1,14,0,14,0,[O-]P(OCC[N+](C)(C)C)(OC[C@]([H])(OC(CCCCCCCCCCCCC)=O)COC(CCCCCCCCCCCCC)=O)=O
DMPC,80,20,0,ZZ,0.34,4.08,7.92,12,270.5,0.256,1,14,0,14,0,[O-]P(OCC[N+](C)(C)C)(OC[C@]([H])(OC(CCCCCCCCCCCCC)=O)COC(CCCCCCCCCCCCC)=O)=O
DMPC,80,20,0,ZZ,0.38,4.56,7.44,12,271.3,0.242,2,14,0,14,0,[O-]P(OCC[N+](C)(C)C)(OC[C@]([H])(OC(CCCCCCCCCCCCC)=O)COC(CCCCCCCCCCCCC)=O)=O
DMPC,80,20,0,ZZ,0.42,5.04,6.96,12,536.1,0.343,1,14,0,14,0,[O-]P(OCC[N+](C)(C)C)(OC[C@]([H])(OC(CCCCCCCCCCCCC)=O)COC(CCCCCCCCCCCCC)=O)=O
DMPC,80,20,0,ZZ,0.46,5.52,6.48,12,891.1,0.15,1,14,0,14,0,[O-]P(OCC[N+](C)(C)C)(OC[C@]([H])(OC(CCCCCCCCCCCCC)=O)COC(CCCCCCCCCCCCC)=O)=O
DMPC,80,20,0,ZZ,0.5,6,6,12,2469,0.171,1,14,0,14,0,[O-]P(OCC[N+](C)(C)C)(OC[C@]([H])(OC(CCCCCCCCCCCCC)=O)COC(CCCCCCCCCCCCC)=O)=O
DOPC,60,40,0,SR,0.44,5.28,6.72,12,303.5,0.213,1,18,1,18,1,[O-]P(OCC[N+](C)(C)C)(OC[C@]([H])(OC(CCCCCCC/C=C\CCCCCCCC)=O)COC(CCCCCCC/C=C\CCCCCCCC)=O)=O
DMPC,75,20,5,ZZ,0.46,5.52,6.48,12,296.4,0.081,1,14,0,14,0,[O-]P(OCC[N+](C)(C)C)(OC[C@]([H])(OC(CCCCCCCCCCCCC)=O)COC(CCCCCCCCCCCCC)=O)=O
DMPC,55,40,5,ZZ,0.42,5.04,6.96,12,294.6,0.144,2,14,0,14,0,[O-]P(OCC[N+](C)(C)C)(OC[C@]([H])(OC(CCCCCCCCCCCCC)=O)COC(CCCCCCCCCCCCC)=O)=O
HSPC,60,40,0,SR,0.24,2.88,9.12,12,285.2,0.21,2,18,0,18,0,CCCCCCCCCCCCCCCCCC(=O)OC(COC(=O)CCCCCCCCCCCCCCC)COP(=O)(O)OCC[N+](C)(C)C
DMPC,80,20,0,SR,0.32,3.84,8.16,12,215.6,0.281,2,14,0,14,0,[O-]P(OCC[N+](C)(C)C)(OC[C@]([H])(OC(CCCCCCCCCCCCC)=O)COC(CCCCCCCCCCCCC)=O)=O
DMPC,80,20,0,SR,0.36,4.32,7.68,12,335.4,0.302,2,14,0,14,0,[O-]P(OCC[N+](C)(C)C)(OC[C@]([H])(OC(CCCCCCCCCCCCC)=O)COC(CCCCCCCCCCCCC)=O)=O
DMPC,80,20,0,SR,0.4,4.8,7.2,12,367.1,0.268,2,14,0,14,0,[O-]P(OCC[N+](C)(C)C)(OC[C@]([H])(OC(CCCCCCCCCCCCC)=O)COC(CCCCCCCCCCCCC)=O)=O
DMPC,80,20,0,SR,0.44,5.28,6.72,12,1104.4,1.62,1,14,0,14,0,[O-]P(OCC[N+](C)(C)C)(OC[C@]([H])(OC(CCCCCCCCCCCCC)=O)COC(CCCCCCCCCCCCC)=O)=O
DMPC,80,20,0,SR,0.48,5.76,6.24,12,1217.4,0.188,1,14,0,14,0,[O-]P(OCC[N+](C)(C)C)(OC[C@]([H])(OC(CCCCCCCCCCCCC)=O)COC(CCCCCCCCCCCCC)=O)=O
DMPC,60,40,0,ZZ,0.14,1.68,10.32,12,262.7,0.244,1,14,0,14,0,[O-]P(OCC[N+](C)(C)C)(OC[C@]([H])(OC(CCCCCCCCCCCCC)=O)COC(CCCCCCCCCCCCC)=O)=O
DMPC,60,40,0,ZZ,0.18,2.16,9.84,12,299.7,0.05,1,14,0,14,0,[O-]P(OCC[N+](C)(C)C)(OC[C@]([H])(OC(CCCCCCCCCCCCC)=O)COC(CCCCCCCCCCCCC)=O)=O
DMPC,60,40,0,ZZ,0.22,2.64,9.36,12,569,0.292,1,14,0,14,0,[O-]P(OCC[N+](C)(C)C)(OC[C@]([H])(OC(CCCCCCCCCCCCC)=O)COC(CCCCCCCCCCCCC)=O)=O
DMPC,60,40,0,ZZ,0.26,3.12,8.88,12,487,0.292,2,14,0,14,0,[O-]P(OCC[N+](C)(C)C)(OC[C@]([H])(OC(CCCCCCCCCCCCC)=O)COC(CCCCCCCCCCCCC)=O)=O
DMPC,60,40,0,ZZ,0.3,3.6,8.4,12,1496,0.241,2,14,0,14,0,[O-]P(OCC[N+](C)(C)C)(OC[C@]([H])(OC(CCCCCCCCCCCCC)=O)COC(CCCCCCCCCCCCC)=O)=O
DMPC,60,40,0,ZZ,0.34,4.08,7.92,12,1501.7,0.162,1,14,0,14,0,[O-]P(OCC[N+](C)(C)C)(OC[C@]([H])(OC(CCCCCCCCCCCCC)=O)COC(CCCCCCCCCCCCC)=O)=O
DMPC,60,40,0,ZZ,0.38,4.56,7.44,12,1157.2,0.218,2,14,0,14,0,[O-]P(OCC[N+](C)(C)C)(OC[C@]([H])(OC(CCCCCCCCCCCCC)=O)COC(CCCCCCCCCCCCC)=O)=O
DMPC,60,40,0,ZZ,0.42,5.04,6.96,12,2338,0.285,2,14,0,14,0,[O-]P(OCC[N+](C)(C)C)(OC[C@]([H])(OC(CCCCCCCCCCCCC)=O)COC(CCCCCCCCCCCCC)=O)=O
DMPC,60,40,0,ZZ,0.46,5.52,6.48,12,3966,4.496,1,14,0,14,0,[O-]P(OCC[N+](C)(C)C)(OC[C@]([H])(OC(CCCCCCCCCCCCC)=O)COC(CCCCCCCCCCCCC)=O)=O
DMPC,60,40,0,ZZ,0.5,6,6,12,3700,0.535,1,14,0,14,0,[O-]P(OCC[N+](C)(C)C)(OC[C@]([H])(OC(CCCCCCCCCCCCC)=O)COC(CCCCCCCCCCCCC)=O)=O
DMPC,60,40,0,SR,0.16,1.92,10.08,12,288.97,0.23424,2,14,0,14,0,[O-]P(OCC[N+](C)(C)C)(OC[C@]([H])(OC(CCCCCCCCCCCCC)=O)COC(CCCCCCCCCCCCC)=O)=O
DMPC,60,40,0,SR,0.2,2.4,9.6,12,284.715,0.052,2,14,0,14,0,[O-]P(OCC[N+](C)(C)C)(OC[C@]([H])(OC(CCCCCCCCCCCCC)=O)COC(CCCCCCCCCCCCC)=O)=O
DMPC,60,40,0,SR,0.24,2.88,9.12,12,625.9,0.28032,2,14,0,14,0,[O-]P(OCC[N+](C)(C)C)(OC[C@]([H])(OC(CCCCCCCCCCCCC)=O)COC(CCCCCCCCCCCCC)=O)=O
DMPC,60,40,0,SR,0.28,3.36,8.64,12,462.65,0.30368,1,14,0,14,0,[O-]P(OCC[N+](C)(C)C)(OC[C@]([H])(OC(CCCCCCCCCCCCC)=O)COC(CCCCCCCCCCCCC)=O)=O
DMPC,60,40,0,SR,0.32,3.84,8.16,12,1645.6,0.23136,2,14,0,14,0,[O-]P(OCC[N+](C)(C)C)(OC[C@]([H])(OC(CCCCCCCCCCCCC)=O)COC(CCCCCCCCCCCCC)=O)=O
DMPC,60,40,0,SR,0.36,4.32,7.68,12,1426.615,0.16848,1,14,0,14,0,[O-]P(OCC[N+](C)(C)C)(OC[C@]([H])(OC(CCCCCCCCCCCCC)=O)COC(CCCCCCCCCCCCC)=O)=O
DMPC,60,40,0,SR,0.4,4.8,7.2,12,1272.92,0.20928,1,14,0,14,0,[O-]P(OCC[N+](C)(C)C)(OC[C@]([H])(OC(CCCCCCCCCCCCC)=O)COC(CCCCCCCCCCCCC)=O)=O
DMPC,60,40,0,SR,0.44,5.28,6.72,12,2221.1,0.2964,1,14,0,14,0,[O-]P(OCC[N+](C)(C)C)(OC[C@]([H])(OC(CCCCCCCCCCCCC)=O)COC(CCCCCCCCCCCCC)=O)=O
DMPC,60,40,0,SR,0.48,5.76,6.24,12,4362.6,4.31616,2,14,0,14,0,[O-]P(OCC[N+](C)(C)C)(OC[C@]([H])(OC(CCCCCCCCCCCCC)=O)COC(CCCCCCCCCCCCC)=O)=O
DPPC,60,40,0,ZZ,0.26,3.12,8.88,12,284.4,0.068,1,16,0,16,0,[O-]P(OCC[N+](C)(C)C)(OC[C@]([H])(OC(CCCCCCCCCCCCCCC)=O)COC(CCCCCCCCCCCCCCC)=O)=O
DMPC,75,20,5,SR,0.44,5.28,6.72,12,283.9,0.211,2,14,0,14,0,[O-]P(OCC[N+](C)(C)C)(OC[C@]([H])(OC(CCCCCCCCCCCCC)=O)COC(CCCCCCCCCCCCC)=O)=O
DPPC,60,40,0,SR,0.28,3.36,8.64,12,281.2,0.27,1,16,0,16,0,[O-]P(OCC[N+](C)(C)C)(OC[C@]([H])(OC(CCCCCCCCCCCCCCC)=O)COC(CCCCCCCCCCCCCCC)=O)=O
DPPC,80,20,0,ZZ,0.18,2.16,9.84,12,276.6,0.253,1,16,0,16,0,[O-]P(OCC[N+](C)(C)C)(OC[C@]([H])(OC(CCCCCCCCCCCCCCC)=O)COC(CCCCCCCCCCCCCCC)=O)=O
DMPC,75,20,5,ZZ,0.42,5.04,6.96,12,272,0.045,1,14,0,14,0,[O-]P(OCC[N+](C)(C)C)(OC[C@]([H])(OC(CCCCCCCCCCCCC)=O)COC(CCCCCCCCCCCCC)=O)=O
DPPC,55,40,5,SR,0.44,5.28,6.72,12,264.6,0.1,1,16,0,16,0,[O-]P(OCC[N+](C)(C)C)(OC[C@]([H])(OC(CCCCCCCCCCCCCCC)=O)COC(CCCCCCCCCCCCCCC)=O)=O
DMPC,95,0,5,ZZ,0.38,4.56,7.44,12,31.4,0.272,1,14,0,14,0,[O-]P(OCC[N+](C)(C)C)(OC[C@]([H])(OC(CCCCCCCCCCCCC)=O)COC(CCCCCCCCCCCCC)=O)=O
DMPC,95,0,5,ZZ,0.42,5.04,6.96,12,37.51,0.296,1,14,0,14,0,[O-]P(OCC[N+](C)(C)C)(OC[C@]([H])(OC(CCCCCCCCCCCCC)=O)COC(CCCCCCCCCCCCC)=O)=O
DMPC,95,0,5,ZZ,0.46,5.52,6.48,12,59.04,0.311,2,14,0,14,0,[O-]P(OCC[N+](C)(C)C)(OC[C@]([H])(OC(CCCCCCCCCCCCC)=O)COC(CCCCCCCCCCCCC)=O)=O
DMPC,95,0,5,ZZ,0.5,6,6,12,75.44,0.278,1,14,0,14,0,[O-]P(OCC[N+](C)(C)C)(OC[C@]([H])(OC(CCCCCCCCCCCCC)=O)COC(CCCCCCCCCCCCC)=O)=O
DPPC,60,40,0,ZZ,0.22,2.64,9.36,12,256.1,0.204,2,16,0,16,0,[O-]P(OCC[N+](C)(C)C)(OC[C@]([H])(OC(CCCCCCCCCCCCCCC)=O)COC(CCCCCCCCCCCCCCC)=O)=O
DPPC,55,40,5,ZZ,0.5,6,6,12,254.4,0.137,2,16,0,16,0,[O-]P(OCC[N+](C)(C)C)(OC[C@]([H])(OC(CCCCCCCCCCCCCCC)=O)COC(CCCCCCCCCCCCCCC)=O)=O
DMPC,100,0,0,SR,0.4,4.8,7.2,12,250.5,0.184,2,14,0,14,0,[O-]P(OCC[N+](C)(C)C)(OC[C@]([H])(OC(CCCCCCCCCCCCC)=O)COC(CCCCCCCCCCCCC)=O)=O
HSPC,60,40,0,ZZ,0.3,3.6,8.4,12,250.1,0.21,1,18,0,18,0,CCCCCCCCCCCCCCCCCC(=O)OC(COC(=O)CCCCCCCCCCCCCCC)COP(=O)(O)OCC[N+](C)(C)C
DMPC,75,20,5,SR,0.48,5.76,6.24,12,245.4,0.213,1,14,0,14,0,[O-]P(OCC[N+](C)(C)C)(OC[C@]([H])(OC(CCCCCCCCCCCCC)=O)COC(CCCCCCCCCCCCC)=O)=O
DMPC,95,0,5,SR,0.36,4.32,7.68,12,222,0.294,2,14,0,14,0,[O-]P(OCC[N+](C)(C)C)(OC[C@]([H])(OC(CCCCCCCCCCCCC)=O)COC(CCCCCCCCCCCCC)=O)=O
DMPC,95,0,5,SR,0.4,4.8,7.2,12,42.86,0.186,1,14,0,14,0,[O-]P(OCC[N+](C)(C)C)(OC[C@]([H])(OC(CCCCCCCCCCCCC)=O)COC(CCCCCCCCCCCCC)=O)=O
DMPC,95,0,5,SR,0.44,5.28,6.72,12,45.57,0.25,2,14,0,14,0,[O-]P(OCC[N+](C)(C)C)(OC[C@]([H])(OC(CCCCCCCCCCCCC)=O)COC(CCCCCCCCCCCCC)=O)=O
DMPC,95,0,5,SR,0.48,5.76,6.24,12,50.18,0.246,1,14,0,14,0,[O-]P(OCC[N+](C)(C)C)(OC[C@]([H])(OC(CCCCCCCCCCCCC)=O)COC(CCCCCCCCCCCCC)=O)=O
HSPC,60,40,0,ZZ,0.22,2.64,9.36,12,243.3,0.212,2,18,0,18,0,CCCCCCCCCCCCCCCCCC(=O)OC(COC(=O)CCCCCCCCCCCCCCC)COP(=O)(O)OCC[N+](C)(C)C
HSPC,60,40,0,SR,0.16,1.92,10.08,12,239.6,0.025,1,18,0,18,0,CCCCCCCCCCCCCCCCCC(=O)OC(COC(=O)CCCCCCCCCCCCCCC)COP(=O)(O)OCC[N+](C)(C)C
DPPC,55,40,5,ZZ,0.46,5.52,6.48,12,238.1,0.036,1,16,0,16,0,[O-]P(OCC[N+](C)(C)C)(OC[C@]([H])(OC(CCCCCCCCCCCCCCC)=O)COC(CCCCCCCCCCCCCCC)=O)=O
POPC,100,0,0,ZZ,0.5,6,6,12,1650.6,8.635,1,16,0,18,1,CCCCCCCCCCCCCCCC(=O)OCC(COP(=O)([O-])OCC[N+](C)(C)C)OC(=O)CCCCCCCC=CCCCCCCCC
DPPC,80,20,0,SR,0.16,1.92,10.08,12,225.7,0.042,1,16,0,16,0,[O-]P(OCC[N+](C)(C)C)(OC[C@]([H])(OC(CCCCCCCCCCCCCCC)=O)COC(CCCCCCCCCCCCCCC)=O)=O
HSPC,60,40,0,ZZ,0.26,3.12,8.88,12,223.1,0.184,1,18,0,18,0,CCCCCCCCCCCCCCCCCC(=O)OC(COC(=O)CCCCCCCCCCCCCCC)COP(=O)(O)OCC[N+](C)(C)C
HSPC,60,40,0,SR,0.2,2.4,9.6,12,219.9,0.205,2,18,0,18,0,CCCCCCCCCCCCCCCCCC(=O)OC(COC(=O)CCCCCCCCCCCCCCC)COP(=O)(O)OCC[N+](C)(C)C
DMPC,75,20,5,ZZ,0.5,6,6,12,217.6,0.235,1,14,0,14,0,[O-]P(OCC[N+](C)(C)C)(OC[C@]([H])(OC(CCCCCCCCCCCCC)=O)COC(CCCCCCCCCCCCC)=O)=O
HSPC,60,40,0,ZZ,0.18,2.16,9.84,12,217.4,0.249,2,18,0,18,0,CCCCCCCCCCCCCCCCCC(=O)OC(COC(=O)CCCCCCCCCCCCCCC)COP(=O)(O)OCC[N+](C)(C)C
DPPC,75,20,5,SR,0.32,3.84,8.16,12,211.2,0.171,2,16,0,16,0,[O-]P(OCC[N+](C)(C)C)(OC[C@]([H])(OC(CCCCCCCCCCCCCCC)=O)COC(CCCCCCCCCCCCCCC)=O)=O
DMPC,55,40,5,SR,0.44,5.28,6.72,12,209.8,0.185,2,14,0,14,0,[O-]P(OCC[N+](C)(C)C)(OC[C@]([H])(OC(CCCCCCCCCCCCC)=O)COC(CCCCCCCCCCCCC)=O)=O
DPPC,60,40,0,SR,0.24,2.88,9.12,12,207.1,0.2,1,16,0,16,0,[O-]P(OCC[N+](C)(C)C)(OC[C@]([H])(OC(CCCCCCCCCCCCCCC)=O)COC(CCCCCCCCCCCCCCC)=O)=O
DPPC,55,40,5,ZZ,0.42,5.04,6.96,12,200.8,0.114,2,16,0,16,0,[O-]P(OCC[N+](C)(C)C)(OC[C@]([H])(OC(CCCCCCCCCCCCCCC)=O)COC(CCCCCCCCCCCCCCC)=O)=O
DPPC,75,20,5,ZZ,0.34,4.08,7.92,12,196.96,0.085,2,16,0,16,0,[O-]P(OCC[N+](C)(C)C)(OC[C@]([H])(OC(CCCCCCCCCCCCCCC)=O)COC(CCCCCCCCCCCCCCC)=O)=O
DMPC,55,40,5,ZZ,0.46,5.52,6.48,12,192.38,0.204,1,14,0,14,0,[O-]P(OCC[N+](C)(C)C)(OC[C@]([H])(OC(CCCCCCCCCCCCC)=O)COC(CCCCCCCCCCCCC)=O)=O
DMPC,75,20,5,SR,0.36,4.32,7.68,12,124.27,0.26,1,14,0,14,0,[O-]P(OCC[N+](C)(C)C)(OC[C@]([H])(OC(CCCCCCCCCCCCC)=O)COC(CCCCCCCCCCCCC)=O)=O
DMPC,55,40,5,SR,0.48,5.76,6.24,12,192.18,0.215,1,14,0,14,0,[O-]P(OCC[N+](C)(C)C)(OC[C@]([H])(OC(CCCCCCCCCCCCC)=O)COC(CCCCCCCCCCCCC)=O)=O
DPPC,60,40,0,ZZ,0.18,2.16,9.84,12,191.66,0.092,1,16,0,16,0,[O-]P(OCC[N+](C)(C)C)(OC[C@]([H])(OC(CCCCCCCCCCCCCCC)=O)COC(CCCCCCCCCCCCCCC)=O)=O
DMPC,55,40,5,SR,0.24,2.88,9.12,12,188.55,0.152,2,14,0,14,0,[O-]P(OCC[N+](C)(C)C)(OC[C@]([H])(OC(CCCCCCCCCCCCC)=O)COC(CCCCCCCCCCCCC)=O)=O
DPPC,55,40,5,SR,0.4,4.8,7.2,12,186.81,0.078,1,16,0,16,0,[O-]P(OCC[N+](C)(C)C)(OC[C@]([H])(OC(CCCCCCCCCCCCCCC)=O)COC(CCCCCCCCCCCCCCC)=O)=O
HSPC,75,20,5,ZZ,0.3,3.6,8.4,12,181.63,0.227,1,18,0,18,0,CCCCCCCCCCCCCCCCCC(=O)OC(COC(=O)CCCCCCCCCCCCCCC)COP(=O)(O)OCC[N+](C)(C)C
DOPC,75,20,5,ZZ,0.5,6,6,12,181.2,0.166,2,18,1,18,1,[O-]P(OCC[N+](C)(C)C)(OC[C@]([H])(OC(CCCCCCC/C=C\CCCCCCCC)=O)COC(CCCCCCC/C=C\CCCCCCCC)=O)=O
DOPC,95,0,5,ZZ,0.5,6,6,12,177.73,0.092,2,18,1,18,1,[O-]P(OCC[N+](C)(C)C)(OC[C@]([H])(OC(CCCCCCC/C=C\CCCCCCCC)=O)COC(CCCCCCC/C=C\CCCCCCCC)=O)=O
DPPC,60,40,0,ZZ,0.14,1.68,10.32,12,177.15,0.199,1,16,0,16,0,[O-]P(OCC[N+](C)(C)C)(OC[C@]([H])(OC(CCCCCCCCCCCCCCC)=O)COC(CCCCCCCCCCCCCCC)=O)=O
DPPC,80,20,0,ZZ,0.14,1.68,10.32,12,173.65,0.195,2,16,0,16,0,[O-]P(OCC[N+](C)(C)C)(OC[C@]([H])(OC(CCCCCCCCCCCCCCC)=O)COC(CCCCCCCCCCCCCCC)=O)=O
DOPC,80,20,0,ZZ,0.5,6,6,12,967.3,0.0038,1,18,1,18,1,[O-]P(OCC[N+](C)(C)C)(OC[C@]([H])(OC(CCCCCCC/C=C\CCCCCCCC)=O)COC(CCCCCCC/C=C\CCCCCCCC)=O)=O
DOPC,55,40,5,SR,0.48,5.76,6.24,12,171.73,0.064,1,18,1,18,1,[O-]P(OCC[N+](C)(C)C)(OC[C@]([H])(OC(CCCCCCC/C=C\CCCCCCCC)=O)COC(CCCCCCC/C=C\CCCCCCCC)=O)=O
DPPC,60,40,0,SR,0.2,2.4,9.6,12,166.86,0.045,1,16,0,16,0,[O-]P(OCC[N+](C)(C)C)(OC[C@]([H])(OC(CCCCCCCCCCCCCCC)=O)COC(CCCCCCCCCCCCCCC)=O)=O
DPPC,55,40,5,ZZ,0.38,4.56,7.44,12,165.61,0.047,1,16,0,16,0,[O-]P(OCC[N+](C)(C)C)(OC[C@]([H])(OC(CCCCCCCCCCCCCCC)=O)COC(CCCCCCCCCCCCCCC)=O)=O
HSPC,55,40,5,SR,0.48,5.76,6.24,12,163.59,0.254,2,18,0,18,0,CCCCCCCCCCCCCCCCCC(=O)OC(COC(=O)CCCCCCCCCCCCCCC)COP(=O)(O)OCC[N+](C)(C)C
DOPC,95,0,5,SR,0.48,5.76,6.24,12,160.98,0.112,1,18,1,18,1,[O-]P(OCC[N+](C)(C)C)(OC[C@]([H])(OC(CCCCCCC/C=C\CCCCCCCC)=O)COC(CCCCCCC/C=C\CCCCCCCC)=O)=O
POPC,95,0,5,SR,0.48,5.76,6.24,12,160.11,0.129,2,16,0,18,1,CCCCCCCCCCCCCCCC(=O)OCC(COP(=O)([O-])OCC[N+](C)(C)C)OC(=O)CCCCCCCC=CCCCCCCCC
DOPC,80,20,0,SR,0.48,5.76,6.24,12,173.53,0.211,2,18,1,18,1,[O-]P(OCC[N+](C)(C)C)(OC[C@]([H])(OC(CCCCCCC/C=C\CCCCCCCC)=O)COC(CCCCCCC/C=C\CCCCCCCC)=O)=O
DOPC,60,40,0,ZZ,0.42,5.04,6.96,12,157.03,0.012,1,18,1,18,1,[O-]P(OCC[N+](C)(C)C)(OC[C@]([H])(OC(CCCCCCC/C=C\CCCCCCCC)=O)COC(CCCCCCC/C=C\CCCCCCCC)=O)=O
HSPC,55,40,5,SR,0.44,5.28,6.72,12,149.89,0.248,2,18,0,18,0,CCCCCCCCCCCCCCCCCC(=O)OC(COC(=O)CCCCCCCCCCCCCCC)COP(=O)(O)OCC[N+](C)(C)C
DMPC,55,40,5,ZZ,0.5,6,6,12,149.36,0.232,1,14,0,14,0,[O-]P(OCC[N+](C)(C)C)(OC[C@]([H])(OC(CCCCCCCCCCCCC)=O)COC(CCCCCCCCCCCCC)=O)=O
DPPC,55,40,5,SR,0.36,4.32,7.68,12,147.18,0.138,1,16,0,16,0,[O-]P(OCC[N+](C)(C)C)(OC[C@]([H])(OC(CCCCCCCCCCCCCCC)=O)COC(CCCCCCCCCCCCCCC)=O)=O
DMPC,75,20,5,SR,0.4,4.8,7.2,12,147.17,0.259,2,14,0,14,0,[O-]P(OCC[N+](C)(C)C)(OC[C@]([H])(OC(CCCCCCCCCCCCC)=O)COC(CCCCCCCCCCCCC)=O)=O
DPPC,60,40,0,SR,0.16,1.92,10.08,12,146.83,0.106,1,16,0,16,0,[O-]P(OCC[N+](C)(C)C)(OC[C@]([H])(OC(CCCCCCCCCCCCCCC)=O)COC(CCCCCCCCCCCCCCC)=O)=O
POPC,60,40,0,ZZ,0.42,5.04,6.96,12,145.99,0.24,2,16,0,18,1,CCCCCCCCCCCCCCCC(=O)OCC(COP(=O)([O-])OCC[N+](C)(C)C)OC(=O)CCCCCCCC=CCCCCCCCC
POPC,60,40,0,SR,0.44,5.28,6.72,12,142.31,0.265,2,16,0,18,1,CCCCCCCCCCCCCCCC(=O)OCC(COP(=O)([O-])OCC[N+](C)(C)C)OC(=O)CCCCCCCC=CCCCCCCCC
DMPC,95,0,5,ZZ,0.34,4.08,7.92,12,140.98,0.27,1,14,0,14,0,[O-]P(OCC[N+](C)(C)C)(OC[C@]([H])(OC(CCCCCCCCCCCCC)=O)COC(CCCCCCCCCCCCC)=O)=O
HSPC,55,40,5,SR,0.4,4.8,7.2,12,138.49,0.209,1,18,0,18,0,CCCCCCCCCCCCCCCCCC(=O)OC(COC(=O)CCCCCCCCCCCCCCC)COP(=O)(O)OCC[N+](C)(C)C
HSPC,55,40,5,ZZ,0.42,5.04,6.96,12,137.13,0.247,2,18,0,18,0,CCCCCCCCCCCCCCCCCC(=O)OC(COC(=O)CCCCCCCCCCCCCCC)COP(=O)(O)OCC[N+](C)(C)C
DPPC,75,20,5,SR,0.28,3.36,8.64,12,136.18,0.24,2,16,0,16,0,[O-]P(OCC[N+](C)(C)C)(OC[C@]([H])(OC(CCCCCCCCCCCCCCC)=O)COC(CCCCCCCCCCCCCCC)=O)=O
DPPC,55,40,5,ZZ,0.34,4.08,7.92,12,135.88,0.03,2,16,0,16,0,[O-]P(OCC[N+](C)(C)C)(OC[C@]([H])(OC(CCCCCCCCCCCCCCC)=O)COC(CCCCCCCCCCCCCCC)=O)=O
DOPC,100,0,0,ZZ,0.5,6,6,12,1225.2,0.126,1,18,1,18,1,[O-]P(OCC[N+](C)(C)C)(OC[C@]([H])(OC(CCCCCCC/C=C\CCCCCCCC)=O)COC(CCCCCCC/C=C\CCCCCCCC)=O)=O
DOPC,100,0,0,SR,0.48,5.76,6.24,12,740.8,0.057,1,18,1,18,1,[O-]P(OCC[N+](C)(C)C)(OC[C@]([H])(OC(CCCCCCC/C=C\CCCCCCCC)=O)COC(CCCCCCC/C=C\CCCCCCCC)=O)=O
POPC,80,20,0,ZZ,0.5,6,6,12,1091.9,0.274,1,16,0,18,1,CCCCCCCCCCCCCCCC(=O)OCC(COP(=O)([O-])OCC[N+](C)(C)C)OC(=O)CCCCCCCC=CCCCCCCCC
HSPC,55,40,5,ZZ,0.46,5.52,6.48,12,134.41,0.238,2,18,0,18,0,CCCCCCCCCCCCCCCCCC(=O)OC(COC(=O)CCCCCCCCCCCCCCC)COP(=O)(O)OCC[N+](C)(C)C
POPC,55,40,5,ZZ,0.5,6,6,12,134.31,0.17,2,16,0,18,1,CCCCCCCCCCCCCCCC(=O)OCC(COP(=O)([O-])OCC[N+](C)(C)C)OC(=O)CCCCCCCC=CCCCCCCCC
HSPC,75,20,5,SR,0.24,2.88,9.12,12,132.37,0.18,1,18,0,18,0,CCCCCCCCCCCCCCCCCC(=O)OC(COC(=O)CCCCCCCCCCCCCCC)COP(=O)(O)OCC[N+](C)(C)C
HSPC,75,20,5,SR,0.2,2.4,9.6,12,126.79,0.224,1,18,0,18,0,CCCCCCCCCCCCCCCCCC(=O)OC(COC(=O)CCCCCCCCCCCCCCC)COP(=O)(O)OCC[N+](C)(C)C
HSPC,75,20,5,SR,0.16,1.92,10.08,12,125.9,0.25,1,18,0,18,0,CCCCCCCCCCCCCCCCCC(=O)OC(COC(=O)CCCCCCCCCCCCCCC)COP(=O)(O)OCC[N+](C)(C)C
DPPC,75,20,5,ZZ,0.3,3.6,8.4,12,123.7,0.075,1,16,0,16,0,[O-]P(OCC[N+](C)(C)C)(OC[C@]([H])(OC(CCCCCCCCCCCCCCC)=O)COC(CCCCCCCCCCCCCCC)=O)=O
DOPC,100,0,0,ZZ,0.46,5.52,6.48,12,1717.1,0.237,1,18,1,18,1,[O-]P(OCC[N+](C)(C)C)(OC[C@]([H])(OC(CCCCCCC/C=C\CCCCCCCC)=O)COC(CCCCCCC/C=C\CCCCCCCC)=O)=O
DOPC,100,0,0,SR,0.44,5.28,6.72,12,168.61,0.265,1,18,1,18,1,[O-]P(OCC[N+](C)(C)C)(OC[C@]([H])(OC(CCCCCCC/C=C\CCCCCCCC)=O)COC(CCCCCCC/C=C\CCCCCCCC)=O)=O
DOPC,100,0,0,ZZ,0.42,5.04,6.96,12,123.59,0.229,1,18,1,18,1,[O-]P(OCC[N+](C)(C)C)(OC[C@]([H])(OC(CCCCCCC/C=C\CCCCCCCC)=O)COC(CCCCCCC/C=C\CCCCCCCC)=O)=O
DMPC,100,0,0,ZZ,0.38,4.56,7.44,12,122.06,0.244,2,14,0,14,0,[O-]P(OCC[N+](C)(C)C)(OC[C@]([H])(OC(CCCCCCCCCCCCC)=O)COC(CCCCCCCCCCCCC)=O)=O
DOPC,55,40,5,ZZ,0.5,6,6,12,121.87,0.165,1,18,1,18,1,[O-]P(OCC[N+](C)(C)C)(OC[C@]([H])(OC(CCCCCCC/C=C\CCCCCCCC)=O)COC(CCCCCCC/C=C\CCCCCCCC)=O)=O
DPPC,55,40,5,SR,0.32,3.84,8.16,12,120.53,0.024,2,16,0,16,0,[O-]P(OCC[N+](C)(C)C)(OC[C@]([H])(OC(CCCCCCCCCCCCCCC)=O)COC(CCCCCCCCCCCCCCC)=O)=O
HSPC,75,20,5,SR,0.28,3.36,8.64,12,119.55,0.023,1,18,0,18,0,CCCCCCCCCCCCCCCCCC(=O)OC(COC(=O)CCCCCCCCCCCCCCC)COP(=O)(O)OCC[N+](C)(C)C
HSPC,75,20,5,ZZ,0.26,3.12,8.88,12,118.81,0.038,1,18,0,18,0,CCCCCCCCCCCCCCCCCC(=O)OC(COC(=O)CCCCCCCCCCCCCCC)COP(=O)(O)OCC[N+](C)(C)C
HSPC,55,40,5,SR,0.36,4.32,7.68,12,118.18,0.155,1,18,0,18,0,CCCCCCCCCCCCCCCCCC(=O)OC(COC(=O)CCCCCCCCCCCCCCC)COP(=O)(O)OCC[N+](C)(C)C
HSPC,55,40,5,ZZ,0.38,4.56,7.44,12,118.17,0.253,1,18,0,18,0,CCCCCCCCCCCCCCCCCC(=O)OC(COC(=O)CCCCCCCCCCCCCCC)COP(=O)(O)OCC[N+](C)(C)C
DOPC,80,20,0,ZZ,0.46,5.52,6.48,12,821.3,0.291,1,18,1,18,1,[O-]P(OCC[N+](C)(C)C)(OC[C@]([H])(OC(CCCCCCC/C=C\CCCCCCCC)=O)COC(CCCCCCC/C=C\CCCCCCCC)=O)=O
DOPC,80,20,0,SR,0.44,5.28,6.72,12,76.78,0.14,1,18,1,18,1,[O-]P(OCC[N+](C)(C)C)(OC[C@]([H])(OC(CCCCCCC/C=C\CCCCCCCC)=O)COC(CCCCCCC/C=C\CCCCCCCC)=O)=O
HSPC,75,20,5,ZZ,0.22,2.64,9.36,12,117.95,0.235,2,18,0,18,0,CCCCCCCCCCCCCCCCCC(=O)OC(COC(=O)CCCCCCCCCCCCCCC)COP(=O)(O)OCC[N+](C)(C)C
POPC,95,0,5,ZZ,0.46,5.52,6.48,12,117.7,0.037,1,16,0,18,1,CCCCCCCCCCCCCCCC(=O)OCC(COP(=O)([O-])OCC[N+](C)(C)C)OC(=O)CCCCCCCC=CCCCCCCCC
DOPC,55,40,5,SR,0.44,5.28,6.72,12,117.68,0.063,2,18,1,18,1,[O-]P(OCC[N+](C)(C)C)(OC[C@]([H])(OC(CCCCCCC/C=C\CCCCCCCC)=O)COC(CCCCCCC/C=C\CCCCCCCC)=O)=O
POPC,55,40,5,ZZ,0.46,5.52,6.48,12,116.29,0.126,1,16,0,18,1,CCCCCCCCCCCCCCCC(=O)OCC(COP(=O)([O-])OCC[N+](C)(C)C)OC(=O)CCCCCCCC=CCCCCCCCC
DMPC,75,20,5,SR,0.32,3.84,8.16,12,115.07,0.273,1,14,0,14,0,[O-]P(OCC[N+](C)(C)C)(OC[C@]([H])(OC(CCCCCCCCCCCCC)=O)COC(CCCCCCCCCCCCC)=O)=O
HSPC,75,20,5,ZZ,0.18,2.16,9.84,12,114.36,0.1,1,18,0,18,0,CCCCCCCCCCCCCCCCCC(=O)OC(COC(=O)CCCCCCCCCCCCCCC)COP(=O)(O)OCC[N+](C)(C)C
POPC,55,40,5,SR,0.48,5.76,6.24,12,114.08,0.013,1,16,0,18,1,CCCCCCCCCCCCCCCC(=O)OCC(COP(=O)([O-])OCC[N+](C)(C)C)OC(=O)CCCCCCCC=CCCCCCCCC
POPC,60,40,0,SR,0.4,4.8,7.2,12,113.77,0.243,2,16,0,18,1,CCCCCCCCCCCCCCCC(=O)OCC(COP(=O)([O-])OCC[N+](C)(C)C)OC(=O)CCCCCCCC=CCCCCCCCC
DOPC,75,20,5,SR,0.48,5.76,6.24,12,113.63,0.025,1,18,1,18,1,[O-]P(OCC[N+](C)(C)C)(OC[C@]([H])(OC(CCCCCCC/C=C\CCCCCCCC)=O)COC(CCCCCCC/C=C\CCCCCCCC)=O)=O
DOPC,95,0,5,ZZ,0.46,5.52,6.48,12,113.31,0.07,1,18,1,18,1,[O-]P(OCC[N+](C)(C)C)(OC[C@]([H])(OC(CCCCCCC/C=C\CCCCCCCC)=O)COC(CCCCCCC/C=C\CCCCCCCC)=O)=O
HSPC,75,20,5,ZZ,0.14,1.68,10.32,12,112.98,0.227,2,18,0,18,0,CCCCCCCCCCCCCCCCCC(=O)OC(COC(=O)CCCCCCCCCCCCCCC)COP(=O)(O)OCC[N+](C)(C)C
DOPC,75,20,5,ZZ,0.46,5.52,6.48,12,112.63,0.095,1,18,1,18,1,[O-]P(OCC[N+](C)(C)C)(OC[C@]([H])(OC(CCCCCCC/C=C\CCCCCCCC)=O)COC(CCCCCCC/C=C\CCCCCCCC)=O)=O
DMPC,75,20,5,ZZ,0.38,4.56,7.44,12,111.15,0.201,1,14,0,14,0,[O-]P(OCC[N+](C)(C)C)(OC[C@]([H])(OC(CCCCCCCCCCCCC)=O)COC(CCCCCCCCCCCCC)=O)=O
POPC,80,20,0,SR,0.48,5.76,6.24,12,2459,0.321,1,16,0,18,1,CCCCCCCCCCCCCCCC(=O)OCC(COP(=O)([O-])OCC[N+](C)(C)C)OC(=O)CCCCCCCC=CCCCCCCCC
DMPC,55,40,5,ZZ,0.26,3.12,8.88,12,108.96,0.105,1,14,0,14,0,[O-]P(OCC[N+](C)(C)C)(OC[C@]([H])(OC(CCCCCCCCCCCCC)=O)COC(CCCCCCCCCCCCC)=O)=O
DMPC,75,20,5,SR,0.28,3.36,8.64,12,108.86,0.157,2,14,0,14,0,[O-]P(OCC[N+](C)(C)C)(OC[C@]([H])(OC(CCCCCCCCCCCCC)=O)COC(CCCCCCCCCCCCC)=O)=O
POPC,75,20,5,ZZ,0.5,6,6,12,107.95,0.104,1,16,0,18,1,CCCCCCCCCCCCCCCC(=O)OCC(COP(=O)([O-])OCC[N+](C)(C)C)OC(=O)CCCCCCCC=CCCCCCCCC
DMPC,80,20,0,ZZ,0.3,3.6,8.4,12,107.54,0.243,1,14,0,14,0,[O-]P(OCC[N+](C)(C)C)(OC[C@]([H])(OC(CCCCCCCCCCCCC)=O)COC(CCCCCCCCCCCCC)=O)=O
DOPC,60,40,0,ZZ,0.5,6,6,12,1471.6,1.612,1,18,1,18,1,[O-]P(OCC[N+](C)(C)C)(OC[C@]([H])(OC(CCCCCCC/C=C\CCCCCCCC)=O)COC(CCCCCCC/C=C\CCCCCCCC)=O)=O
POPC,55,40,5,SR,0.44,5.28,6.72,12,105.99,0.103,1,16,0,18,1,CCCCCCCCCCCCCCCC(=O)OCC(COP(=O)([O-])OCC[N+](C)(C)C)OC(=O)CCCCCCCC=CCCCCCCCC
DPPC,55,40,5,ZZ,0.3,3.6,8.4,12,105.77,0.09,1,16,0,16,0,[O-]P(OCC[N+](C)(C)C)(OC[C@]([H])(OC(CCCCCCCCCCCCCCC)=O)COC(CCCCCCCCCCCCCCC)=O)=O
DOPC,55,40,5,ZZ,0.46,5.52,6.48,12,102.75,0.088,1,18,1,18,1,[O-]P(OCC[N+](C)(C)C)(OC[C@]([H])(OC(CCCCCCC/C=C\CCCCCCCC)=O)COC(CCCCCCC/C=C\CCCCCCCC)=O)=O
POPC,60,40,0,ZZ,0.38,4.56,7.44,12,100.17,0.139,2,16,0,18,1,CCCCCCCCCCCCCCCC(=O)OCC(COP(=O)([O-])OCC[N+](C)(C)C)OC(=O)CCCCCCCC=CCCCCCCCC
POPC,55,40,5,ZZ,0.42,5.04,6.96,12,99.11,0.136,1,16,0,18,1,CCCCCCCCCCCCCCCC(=O)OCC(COP(=O)([O-])OCC[N+](C)(C)C)OC(=O)CCCCCCCC=CCCCCCCCC
DMPC,75,20,5,ZZ,0.34,4.08,7.92,12,98.7,0.233,1,14,0,14,0,[O-]P(OCC[N+](C)(C)C)(OC[C@]([H])(OC(CCCCCCCCCCCCC)=O)COC(CCCCCCCCCCCCC)=O)=O
HSPC,55,40,5,ZZ,0.34,4.08,7.92,12,97.41,0.049,1,18,0,18,0,CCCCCCCCCCCCCCCCCC(=O)OC(COC(=O)CCCCCCCCCCCCCCC)COP(=O)(O)OCC[N+](C)(C)C
POPC,60,40,0,SR,0.36,4.32,7.68,12,96.53,0.171,2,16,0,18,1,CCCCCCCCCCCCCCCC(=O)OCC(COP(=O)([O-])OCC[N+](C)(C)C)OC(=O)CCCCCCCC=CCCCCCCCC
DOPC,60,40,0,SR,0.48,5.76,6.24,12,1296.1,0.215,2,18,1,18,1,[O-]P(OCC[N+](C)(C)C)(OC[C@]([H])(OC(CCCCCCC/C=C\CCCCCCCC)=O)COC(CCCCCCC/C=C\CCCCCCCC)=O)=O
DOPC,55,40,5,SR,0.4,4.8,7.2,12,95.65,0.082,1,18,1,18,1,[O-]P(OCC[N+](C)(C)C)(OC[C@]([H])(OC(CCCCCCC/C=C\CCCCCCCC)=O)COC(CCCCCCC/C=C\CCCCCCCC)=O)=O
HSPC,55,40,5,SR,0.32,3.84,8.16,12,95.03,0.087,2,18,0,18,0,CCCCCCCCCCCCCCCCCC(=O)OC(COC(=O)CCCCCCCCCCCCCCC)COP(=O)(O)OCC[N+](C)(C)C
DOPC,60,40,0,SR,0.4,4.8,7.2,12,93.84,0.215,1,18,1,18,1,[O-]P(OCC[N+](C)(C)C)(OC[C@]([H])(OC(CCCCCCC/C=C\CCCCCCCC)=O)COC(CCCCCCC/C=C\CCCCCCCC)=O)=O
POPC,55,40,5,SR,0.4,4.8,7.2,12,93.68,0.064,2,16,0,18,1,CCCCCCCCCCCCCCCC(=O)OCC(COP(=O)([O-])OCC[N+](C)(C)C)OC(=O)CCCCCCCC=CCCCCCCCC
DMPC,75,20,5,ZZ,0.3,3.6,8.4,12,92.71,0.178,2,14,0,14,0,[O-]P(OCC[N+](C)(C)C)(OC[C@]([H])(OC(CCCCCCCCCCCCC)=O)COC(CCCCCCCCCCCCC)=O)=O
DOPC,100,0,0,SR,0.4,4.8,7.2,12,92.38,0.112,1,18,1,18,1,[O-]P(OCC[N+](C)(C)C)(OC[C@]([H])(OC(CCCCCCC/C=C\CCCCCCCC)=O)COC(CCCCCCC/C=C\CCCCCCCC)=O)=O
POPC,55,40,5,ZZ,0.38,4.56,7.44,12,91.18,0.047,1,16,0,18,1,CCCCCCCCCCCCCCCC(=O)OCC(COP(=O)([O-])OCC[N+](C)(C)C)OC(=O)CCCCCCCC=CCCCCCCCC
DPPC,75,20,5,ZZ,0.26,3.12,8.88,12,90.14,0.153,1,16,0,16,0,[O-]P(OCC[N+](C)(C)C)(OC[C@]([H])(OC(CCCCCCCCCCCCCCC)=O)COC(CCCCCCCCCCCCCCC)=O)=O
DOPC,75,20,5,ZZ,0.42,5.04,6.96,12,89.63,0.087,1,18,1,18,1,[O-]P(OCC[N+](C)(C)C)(OC[C@]([H])(OC(CCCCCCC/C=C\CCCCCCCC)=O)COC(CCCCCCC/C=C\CCCCCCCC)=O)=O
DOPC,60,40,0,ZZ,0.38,4.56,7.44,12,89.6,0.181,1,18,1,18,1,[O-]P(OCC[N+](C)(C)C)(OC[C@]([H])(OC(CCCCCCC/C=C\CCCCCCCC)=O)COC(CCCCCCC/C=C\CCCCCCCC)=O)=O
DOPC,100,0,0,ZZ,0.38,4.56,7.44,12,88.03,0.165,2,18,1,18,1,[O-]P(OCC[N+](C)(C)C)(OC[C@]([H])(OC(CCCCCCC/C=C\CCCCCCCC)=O)COC(CCCCCCC/C=C\CCCCCCCC)=O)=O
DMPC,80,20,0,SR,0.28,3.36,8.64,12,86.95,0.255,2,14,0,14,0,[O-]P(OCC[N+](C)(C)C)(OC[C@]([H])(OC(CCCCCCCCCCCCC)=O)COC(CCCCCCCCCCCCC)=O)=O
POPC,75,20,5,SR,0.48,5.76,6.24,12,86.28,0.102,1,16,0,18,1,CCCCCCCCCCCCCCCC(=O)OCC(COP(=O)([O-])OCC[N+](C)(C)C)OC(=O)CCCCCCCC=CCCCCCCCC
DOPC,80,20,0,ZZ,0.42,5.04,6.96,12,157.44,0.008,2,18,1,18,1,[O-]P(OCC[N+](C)(C)C)(OC[C@]([H])(OC(CCCCCCC/C=C\CCCCCCCC)=O)COC(CCCCCCC/C=C\CCCCCCCC)=O)=O
DPPC,75,20,5,SR,0.24,2.88,9.12,12,86.07,0.257,1,16,0,16,0,[O-]P(OCC[N+](C)(C)C)(OC[C@]([H])(OC(CCCCCCCCCCCCCCC)=O)COC(CCCCCCCCCCCCCCC)=O)=O
HSPC,55,40,5,SR,0.28,3.36,8.64,12,85.81,0.066,2,18,0,18,0,CCCCCCCCCCCCCCCCCC(=O)OC(COC(=O)CCCCCCCCCCCCCCC)COP(=O)(O)OCC[N+](C)(C)C
DMPC,75,20,5,SR,0.24,2.88,9.12,12,85.68,0.126,1,14,0,14,0,[O-]P(OCC[N+](C)(C)C)(OC[C@]([H])(OC(CCCCCCCCCCCCC)=O)COC(CCCCCCCCCCCCC)=O)=O
POPC,55,40,5,SR,0.36,4.32,7.68,12,84.82,0.064,2,16,0,18,1,CCCCCCCCCCCCCCCC(=O)OCC(COP(=O)([O-])OCC[N+](C)(C)C)OC(=O)CCCCCCCC=CCCCCCCCC
POPC,80,20,0,ZZ,0.46,5.52,6.48,12,487.6,0.322,1,16,0,18,1,CCCCCCCCCCCCCCCC(=O)OCC(COP(=O)([O-])OCC[N+](C)(C)C)OC(=O)CCCCCCCC=CCCCCCCCC
DMPC,55,40,5,ZZ,0.22,2.64,9.36,12,81.78,0.077,1,14,0,14,0,[O-]P(OCC[N+](C)(C)C)(OC[C@]([H])(OC(CCCCCCCCCCCCC)=O)COC(CCCCCCCCCCCCC)=O)=O
HSPC,55,40,5,SR,0.16,1.92,10.08,12,81.51,0.078,2,18,0,18,0,CCCCCCCCCCCCCCCCCC(=O)OC(COC(=O)CCCCCCCCCCCCCCC)COP(=O)(O)OCC[N+](C)(C)C
DOPC,95,0,5,SR,0.44,5.28,6.72,12,81.07,0.041,1,18,1,18,1,[O-]P(OCC[N+](C)(C)C)(OC[C@]([H])(OC(CCCCCCC/C=C\CCCCCCCC)=O)COC(CCCCCCC/C=C\CCCCCCCC)=O)=O
POPC,80,20,0,SR,0.44,5.28,6.72,12,135.8,0.196,1,16,0,18,1,CCCCCCCCCCCCCCCC(=O)OCC(COP(=O)([O-])OCC[N+](C)(C)C)OC(=O)CCCCCCCC=CCCCCCCCC
DPPC,55,40,5,SR,0.28,3.36,8.64,12,80.63,0.032,1,16,0,16,0,[O-]P(OCC[N+](C)(C)C)(OC[C@]([H])(OC(CCCCCCCCCCCCCCC)=O)COC(CCCCCCCCCCCCCCC)=O)=O
DOPC,55,40,5,ZZ,0.42,5.04,6.96,12,80.07,0.099,1,18,1,18,1,[O-]P(OCC[N+](C)(C)C)(OC[C@]([H])(OC(CCCCCCC/C=C\CCCCCCCC)=O)COC(CCCCCCC/C=C\CCCCCCCC)=O)=O
HSPC,55,40,5,ZZ,0.3,3.6,8.4,12,79.91,0.056,1,18,0,18,0,CCCCCCCCCCCCCCCCCC(=O)OC(COC(=O)CCCCCCCCCCCCCCC)COP(=O)(O)OCC[N+](C)(C)C
DPPC,55,40,5,ZZ,0.26,3.12,8.88,12,79.77,0.098,2,16,0,16,0,[O-]P(OCC[N+](C)(C)C)(OC[C@]([H])(OC(CCCCCCCCCCCCCCC)=O)COC(CCCCCCCCCCCCCCC)=O)=O
POPC,60,40,0,SR,0.32,3.84,8.16,12,79.61,0.144,1,16,0,18,1,CCCCCCCCCCCCCCCC(=O)OCC(COP(=O)([O-])OCC[N+](C)(C)C)OC(=O)CCCCCCCC=CCCCCCCCC
DOPC,75,20,5,SR,0.44,5.28,6.72,12,79.41,0.105,1,18,1,18,1,[O-]P(OCC[N+](C)(C)C)(OC[C@]([H])(OC(CCCCCCC/C=C\CCCCCCCC)=O)COC(CCCCCCC/C=C\CCCCCCCC)=O)=O
DMPC,80,20,0,ZZ,0.26,3.12,8.88,12,79.4,0.168,1,14,0,14,0,[O-]P(OCC[N+](C)(C)C)(OC[C@]([H])(OC(CCCCCCCCCCCCC)=O)COC(CCCCCCCCCCCCC)=O)=O
DMPC,75,20,5,SR,0.2,2.4,9.6,12,77.83,0.118,2,14,0,14,0,[O-]P(OCC[N+](C)(C)C)(OC[C@]([H])(OC(CCCCCCCCCCCCC)=O)COC(CCCCCCCCCCCCC)=O)=O
HSPC,55,40,5,SR,0.24,2.88,9.12,12,77.44,0.079,1,18,0,18,0,CCCCCCCCCCCCCCCCCC(=O)OC(COC(=O)CCCCCCCCCCCCCCC)COP(=O)(O)OCC[N+](C)(C)C
POPC,60,40,0,ZZ,0.34,4.08,7.92,12,77.14,0.143,2,16,0,18,1,CCCCCCCCCCCCCCCC(=O)OCC(COP(=O)([O-])OCC[N+](C)(C)C)OC(=O)CCCCCCCC=CCCCCCCCC
DOPC,80,20,0,SR,0.4,4.8,7.2,12,61.81,0.228,2,18,1,18,1,[O-]P(OCC[N+](C)(C)C)(OC[C@]([H])(OC(CCCCCCC/C=C\CCCCCCCC)=O)COC(CCCCCCC/C=C\CCCCCCCC)=O)=O
HSPC,55,40,5,SR,0.2,2.4,9.6,12,76.51,0.162,1,18,0,18,0,CCCCCCCCCCCCCCCCCC(=O)OC(COC(=O)CCCCCCCCCCCCCCC)COP(=O)(O)OCC[N+](C)(C)C
DOPC,55,40,5,SR,0.36,4.32,7.68,12,75.97,0.21,1,18,1,18,1,[O-]P(OCC[N+](C)(C)C)(OC[C@]([H])(OC(CCCCCCC/C=C\CCCCCCCC)=O)COC(CCCCCCC/C=C\CCCCCCCC)=O)=O
DOPC,95,0,5,ZZ,0.42,5.04,6.96,12,75.19,0.047,1,18,1,18,1,[O-]P(OCC[N+](C)(C)C)(OC[C@]([H])(OC(CCCCCCC/C=C\CCCCCCCC)=O)COC(CCCCCCC/C=C\CCCCCCCC)=O)=O
POPC,95,0,5,SR,0.44,5.28,6.72,12,74.78,0.022,2,16,0,18,1,CCCCCCCCCCCCCCCC(=O)OCC(COP(=O)([O-])OCC[N+](C)(C)C)OC(=O)CCCCCCCC=CCCCCCCCC
DMPC,100,0,0,SR,0.36,4.32,7.68,12,74.72,0.118,1,14,0,14,0,[O-]P(OCC[N+](C)(C)C)(OC[C@]([H])(OC(CCCCCCCCCCCCC)=O)COC(CCCCCCCCCCCCC)=O)=O
DMPC,95,0,5,SR,0.32,3.84,8.16,12,74.69,0.037,1,14,0,14,0,[O-]P(OCC[N+](C)(C)C)(OC[C@]([H])(OC(CCCCCCCCCCCCC)=O)COC(CCCCCCCCCCCCC)=O)=O
DMPC,80,20,0,SR,0.2,2.4,9.6,12,74.49,0.213,1,14,0,14,0,[O-]P(OCC[N+](C)(C)C)(OC[C@]([H])(OC(CCCCCCCCCCCCC)=O)COC(CCCCCCCCCCCCC)=O)=O
DMPC,75,20,5,ZZ,0.26,3.12,8.88,12,74.32,0.185,2,14,0,14,0,[O-]P(OCC[N+](C)(C)C)(OC[C@]([H])(OC(CCCCCCCCCCCCC)=O)COC(CCCCCCCCCCCCC)=O)=O
POPC,55,40,5,ZZ,0.34,4.08,7.92,12,72.78,0.098,2,16,0,18,1,CCCCCCCCCCCCCCCC(=O)OCC(COP(=O)([O-])OCC[N+](C)(C)C)OC(=O)CCCCCCCC=CCCCCCCCC
DMPC,80,20,0,ZZ,0.22,2.64,9.36,12,72.16,0.21,1,14,0,14,0,[O-]P(OCC[N+](C)(C)C)(OC[C@]([H])(OC(CCCCCCCCCCCCC)=O)COC(CCCCCCCCCCCCC)=O)=O
DMPC,80,20,0,ZZ,0.14,1.68,10.32,12,71.36,0.193,2,14,0,14,0,[O-]P(OCC[N+](C)(C)C)(OC[C@]([H])(OC(CCCCCCCCCCCCC)=O)COC(CCCCCCCCCCCCC)=O)=O
DOPC,80,20,0,ZZ,0.38,4.56,7.44,12,86.07,0.224,2,18,1,18,1,[O-]P(OCC[N+](C)(C)C)(OC[C@]([H])(OC(CCCCCCC/C=C\CCCCCCCC)=O)COC(CCCCCCC/C=C\CCCCCCCC)=O)=O
POPC,95,0,5,ZZ,0.42,5.04,6.96,12,71.14,0.05,2,16,0,18,1,CCCCCCCCCCCCCCCC(=O)OCC(COP(=O)([O-])OCC[N+](C)(C)C)OC(=O)CCCCCCCC=CCCCCCCCC
DPPC,55,40,5,ZZ,0.22,2.64,9.36,12,70.96,0.11,2,16,0,16,0,[O-]P(OCC[N+](C)(C)C)(OC[C@]([H])(OC(CCCCCCCCCCCCCCC)=O)COC(CCCCCCCCCCCCCCC)=O)=O
HSPC,55,40,5,ZZ,0.22,2.64,9.36,12,70.87,0.095,2,18,0,18,0,CCCCCCCCCCCCCCCCCC(=O)OC(COC(=O)CCCCCCCCCCCCCCC)COP(=O)(O)OCC[N+](C)(C)C
DOPC,55,40,5,SR,0.2,2.4,9.6,12,41.88,0.262,1,18,1,18,1,[O-]P(OCC[N+](C)(C)C)(OC[C@]([H])(OC(CCCCCCC/C=C\CCCCCCCC)=O)COC(CCCCCCC/C=C\CCCCCCCC)=O)=O
DMPC,55,40,5,SR,0.2,2.4,9.6,12,69.86,0.057,2,14,0,14,0,[O-]P(OCC[N+](C)(C)C)(OC[C@]([H])(OC(CCCCCCCCCCCCC)=O)COC(CCCCCCCCCCCCC)=O)=O
DMPC,100,0,0,ZZ,0.34,4.08,7.92,12,69.46,0.153,1,14,0,14,0,[O-]P(OCC[N+](C)(C)C)(OC[C@]([H])(OC(CCCCCCCCCCCCC)=O)COC(CCCCCCCCCCCCC)=O)=O
DOPC,60,40,0,ZZ,0.34,4.08,7.92,12,69.44,0.189,1,18,1,18,1,[O-]P(OCC[N+](C)(C)C)(OC[C@]([H])(OC(CCCCCCC/C=C\CCCCCCCC)=O)COC(CCCCCCC/C=C\CCCCCCCC)=O)=O
DMPC,80,20,0,ZZ,0.18,2.16,9.84,12,68.64,0.176,2,14,0,14,0,[O-]P(OCC[N+](C)(C)C)(OC[C@]([H])(OC(CCCCCCCCCCCCC)=O)COC(CCCCCCCCCCCCC)=O)=O
DMPC,55,40,5,ZZ,0.18,2.16,9.84,12,68.6,0.059,1,14,0,14,0,[O-]P(OCC[N+](C)(C)C)(OC[C@]([H])(OC(CCCCCCCCCCCCC)=O)COC(CCCCCCCCCCCCC)=O)=O
DOPC,75,20,5,ZZ,0.38,4.56,7.44,12,68.34,0.065,1,18,1,18,1,[O-]P(OCC[N+](C)(C)C)(OC[C@]([H])(OC(CCCCCCC/C=C\CCCCCCCC)=O)COC(CCCCCCC/C=C\CCCCCCCC)=O)=O
DPPC,55,40,5,SR,0.24,2.88,9.12,12,68.31,0.108,1,16,0,16,0,[O-]P(OCC[N+](C)(C)C)(OC[C@]([H])(OC(CCCCCCCCCCCCCCC)=O)COC(CCCCCCCCCCCCCCC)=O)=O
DPPC,100,0,0,ZZ,0.14,1.68,10.32,12,13774,0.56,1,16,0,16,0,[O-]P(OCC[N+](C)(C)C)(OC[C@]([H])(OC(CCCCCCCCCCCCCCC)=O)COC(CCCCCCCCCCCCCCC)=O)=O
DPPC,100,0,0,ZZ,0.18,2.16,9.84,12,657.1,0.4,1,16,0,16,0,[O-]P(OCC[N+](C)(C)C)(OC[C@]([H])(OC(CCCCCCCCCCCCCCC)=O)COC(CCCCCCCCCCCCCCC)=O)=O
DPPC,100,0,0,ZZ,0.22,2.64,9.36,12,3109,0.36,1,16,0,16,0,[O-]P(OCC[N+](C)(C)C)(OC[C@]([H])(OC(CCCCCCCCCCCCCCC)=O)COC(CCCCCCCCCCCCCCC)=O)=O
DPPC,100,0,0,ZZ,0.26,3.12,8.88,12,3056.2,0.31,1,16,0,16,0,[O-]P(OCC[N+](C)(C)C)(OC[C@]([H])(OC(CCCCCCCCCCCCCCC)=O)COC(CCCCCCCCCCCCCCC)=O)=O
DPPC,100,0,0,ZZ,0.3,3.6,8.4,12,1250.7,0.29,1,16,0,16,0,[O-]P(OCC[N+](C)(C)C)(OC[C@]([H])(OC(CCCCCCCCCCCCCCC)=O)COC(CCCCCCCCCCCCCCC)=O)=O
DPPC,100,0,0,ZZ,0.34,4.08,7.92,12,122.55,0.28,1,16,0,16,0,[O-]P(OCC[N+](C)(C)C)(OC[C@]([H])(OC(CCCCCCCCCCCCCCC)=O)COC(CCCCCCCCCCCCCCC)=O)=O
DPPC,100,0,0,ZZ,0.38,4.56,7.44,12,147.16,0.28,1,16,0,16,0,[O-]P(OCC[N+](C)(C)C)(OC[C@]([H])(OC(CCCCCCCCCCCCCCC)=O)COC(CCCCCCCCCCCCCCC)=O)=O
DPPC,100,0,0,ZZ,0.42,5.04,6.96,12,1265.1,0.27,1,16,0,16,0,[O-]P(OCC[N+](C)(C)C)(OC[C@]([H])(OC(CCCCCCCCCCCCCCC)=O)COC(CCCCCCCCCCCCCCC)=O)=O
DPPC,100,0,0,ZZ,0.46,5.52,6.48,12,1803.92,0.27,2,16,0,16,0,[O-]P(OCC[N+](C)(C)C)(OC[C@]([H])(OC(CCCCCCCCCCCCCCC)=O)COC(CCCCCCCCCCCCCCC)=O)=O
DPPC,100,0,0,ZZ,0.5,6,6,12,1401.34,0.13,1,16,0,16,0,[O-]P(OCC[N+](C)(C)C)(OC[C@]([H])(OC(CCCCCCCCCCCCCCC)=O)COC(CCCCCCCCCCCCCCC)=O)=O
DPPC,100,0,0,SR,0.16,1.92,10.08,12,1996.1,0.23,2,16,0,16,0,[O-]P(OCC[N+](C)(C)C)(OC[C@]([H])(OC(CCCCCCCCCCCCCCC)=O)COC(CCCCCCCCCCCCCCC)=O)=O
DPPC,100,0,0,SR,0.2,2.4,9.6,12,2291.6,0.23,1,16,0,16,0,[O-]P(OCC[N+](C)(C)C)(OC[C@]([H])(OC(CCCCCCCCCCCCCCC)=O)COC(CCCCCCCCCCCCCCC)=O)=O
DPPC,100,0,0,SR,0.24,2.88,9.12,12,4803.3,0.21,1,16,0,16,0,[O-]P(OCC[N+](C)(C)C)(OC[C@]([H])(OC(CCCCCCCCCCCCCCC)=O)COC(CCCCCCCCCCCCCCC)=O)=O
DPPC,100,0,0,SR,0.28,3.36,8.64,12,2185.8,0.21,2,16,0,16,0,[O-]P(OCC[N+](C)(C)C)(OC[C@]([H])(OC(CCCCCCCCCCCCCCC)=O)COC(CCCCCCCCCCCCCCC)=O)=O
DPPC,100,0,0,SR,0.32,3.84,8.16,12,2526.2,0.2,1,16,0,16,0,[O-]P(OCC[N+](C)(C)C)(OC[C@]([H])(OC(CCCCCCCCCCCCCCC)=O)COC(CCCCCCCCCCCCCCC)=O)=O
DPPC,100,0,0,SR,0.36,4.32,7.68,12,827.93,0.2,1,16,0,16,0,[O-]P(OCC[N+](C)(C)C)(OC[C@]([H])(OC(CCCCCCCCCCCCCCC)=O)COC(CCCCCCCCCCCCCCC)=O)=O
DPPC,100,0,0,SR,0.4,4.8,7.2,12,1243.7,0.19,1,16,0,16,0,[O-]P(OCC[N+](C)(C)C)(OC[C@]([H])(OC(CCCCCCCCCCCCCCC)=O)COC(CCCCCCCCCCCCCCC)=O)=O
DPPC,100,0,0,SR,0.44,5.28,6.72,12,1954.5,0.12,1,16,0,16,0,[O-]P(OCC[N+](C)(C)C)(OC[C@]([H])(OC(CCCCCCCCCCCCCCC)=O)COC(CCCCCCCCCCCCCCC)=O)=O
DPPC,100,0,0,SR,0.48,5.76,6.24,12,1840.92,0.27,1,16,0,16,0,[O-]P(OCC[N+](C)(C)C)(OC[C@]([H])(OC(CCCCCCCCCCCCCCC)=O)COC(CCCCCCCCCCCCCCC)=O)=O
POPC,80,20,0,ZZ,0.42,5.04,6.96,12,109.6,0.109,2,16,0,18,1,CCCCCCCCCCCCCCCC(=O)OCC(COP(=O)([O-])OCC[N+](C)(C)C)OC(=O)CCCCCCCC=CCCCCCCCC
POPC,100,0,0,SR,0.48,5.76,6.24,12,1817.9,4.66,1,16,0,18,1,CCCCCCCCCCCCCCCC(=O)OCC(COP(=O)([O-])OCC[N+](C)(C)C)OC(=O)CCCCCCCC=CCCCCCCCC
DOPC,80,20,0,SR,0.36,4.32,7.68,12,60,0.19,1,18,1,18,1,[O-]P(OCC[N+](C)(C)C)(OC[C@]([H])(OC(CCCCCCC/C=C\CCCCCCCC)=O)COC(CCCCCCC/C=C\CCCCCCCC)=O)=O
DPPC,80,20,0,ZZ,0.26,3.12,8.88,12,664.6,0.293,2,16,0,16,0,[O-]P(OCC[N+](C)(C)C)(OC[C@]([H])(OC(CCCCCCCCCCCCCCC)=O)COC(CCCCCCCCCCCCCCC)=O)=O
DPPC,80,20,0,ZZ,0.3,3.6,8.4,12,1206.7,2.773,2,16,0,16,0,[O-]P(OCC[N+](C)(C)C)(OC[C@]([H])(OC(CCCCCCCCCCCCCCC)=O)COC(CCCCCCCCCCCCCCC)=O)=O
DPPC,80,20,0,ZZ,0.34,4.08,7.92,12,1486.1,0.262,1,16,0,16,0,[O-]P(OCC[N+](C)(C)C)(OC[C@]([H])(OC(CCCCCCCCCCCCCCC)=O)COC(CCCCCCCCCCCCCCC)=O)=O
DPPC,80,20,0,ZZ,0.38,4.56,7.44,12,15483,0.298,2,16,0,16,0,[O-]P(OCC[N+](C)(C)C)(OC[C@]([H])(OC(CCCCCCCCCCCCCCC)=O)COC(CCCCCCCCCCCCCCC)=O)=O
DPPC,80,20,0,ZZ,0.42,5.04,6.96,12,1633,0.43,2,16,0,16,0,[O-]P(OCC[N+](C)(C)C)(OC[C@]([H])(OC(CCCCCCCCCCCCCCC)=O)COC(CCCCCCCCCCCCCCC)=O)=O
DPPC,80,20,0,ZZ,0.46,5.52,6.48,12,11232,0.23,1,16,0,16,0,[O-]P(OCC[N+](C)(C)C)(OC[C@]([H])(OC(CCCCCCCCCCCCCCC)=O)COC(CCCCCCCCCCCCCCC)=O)=O
DPPC,80,20,0,ZZ,0.5,6,6,12,6321,0.56,1,16,0,16,0,[O-]P(OCC[N+](C)(C)C)(OC[C@]([H])(OC(CCCCCCCCCCCCCCC)=O)COC(CCCCCCCCCCCCCCC)=O)=O
POPC,80,20,0,SR,0.4,4.8,7.2,12,82.05,0.119,1,16,0,18,1,CCCCCCCCCCCCCCCC(=O)OCC(COP(=O)([O-])OCC[N+](C)(C)C)OC(=O)CCCCCCCC=CCCCCCCCC
DMPC,75,20,5,ZZ,0.14,1.68,10.32,12,66.93,0.165,2,14,0,14,0,[O-]P(OCC[N+](C)(C)C)(OC[C@]([H])(OC(CCCCCCCCCCCCC)=O)COC(CCCCCCCCCCCCC)=O)=O
POPC,75,20,5,SR,0.44,5.28,6.72,12,66.79,0.056,1,16,0,18,1,CCCCCCCCCCCCCCCC(=O)OCC(COP(=O)([O-])OCC[N+](C)(C)C)OC(=O)CCCCCCCC=CCCCCCCCC
DPPC,80,20,0,SR,0.28,3.36,8.64,12,948.5,5.64,2,16,0,16,0,[O-]P(OCC[N+](C)(C)C)(OC[C@]([H])(OC(CCCCCCCCCCCCCCC)=O)COC(CCCCCCCCCCCCCCC)=O)=O
DPPC,80,20,0,SR,0.32,3.84,8.16,12,2438,8.782,2,16,0,16,0,[O-]P(OCC[N+](C)(C)C)(OC[C@]([H])(OC(CCCCCCCCCCCCCCC)=O)COC(CCCCCCCCCCCCCCC)=O)=O
DPPC,80,20,0,SR,0.36,4.32,7.68,12,1769,0.93,1,16,0,16,0,[O-]P(OCC[N+](C)(C)C)(OC[C@]([H])(OC(CCCCCCCCCCCCCCC)=O)COC(CCCCCCCCCCCCCCC)=O)=O
DPPC,80,20,0,SR,0.4,4.8,7.2,12,2005,3.22,2,16,0,16,0,[O-]P(OCC[N+](C)(C)C)(OC[C@]([H])(OC(CCCCCCCCCCCCCCC)=O)COC(CCCCCCCCCCCCCCC)=O)=O
DPPC,80,20,0,SR,0.44,5.28,6.72,12,11498,4.21,2,16,0,16,0,[O-]P(OCC[N+](C)(C)C)(OC[C@]([H])(OC(CCCCCCCCCCCCCCC)=O)COC(CCCCCCCCCCCCCCC)=O)=O
DPPC,80,20,0,SR,0.48,5.76,6.24,12,1889,0.65,2,16,0,16,0,[O-]P(OCC[N+](C)(C)C)(OC[C@]([H])(OC(CCCCCCCCCCCCCCC)=O)COC(CCCCCCCCCCCCCCC)=O)=O
DOPC,100,0,0,SR,0.36,4.32,7.68,12,66.55,0.163,2,18,1,18,1,[O-]P(OCC[N+](C)(C)C)(OC[C@]([H])(OC(CCCCCCC/C=C\CCCCCCCC)=O)COC(CCCCCCC/C=C\CCCCCCCC)=O)=O
POPC,75,20,5,ZZ,0.46,5.52,6.48,12,66.48,0.053,2,16,0,18,1,CCCCCCCCCCCCCCCC(=O)OCC(COP(=O)([O-])OCC[N+](C)(C)C)OC(=O)CCCCCCCC=CCCCCCCCC
DPPC,55,40,5,ZZ,0.18,2.16,9.84,12,66.4,0.153,2,16,0,16,0,[O-]P(OCC[N+](C)(C)C)(OC[C@]([H])(OC(CCCCCCCCCCCCCCC)=O)COC(CCCCCCCCCCCCCCC)=O)=O
DMPC,80,20,0,SR,0.16,1.92,10.08,12,66.34,0.241,1,14,0,14,0,[O-]P(OCC[N+](C)(C)C)(OC[C@]([H])(OC(CCCCCCCCCCCCC)=O)COC(CCCCCCCCCCCCC)=O)=O
POPC,100,0,0,ZZ,0.46,5.52,6.48,12,671.7,0.723,2,16,0,18,1,CCCCCCCCCCCCCCCC(=O)OCC(COP(=O)([O-])OCC[N+](C)(C)C)OC(=O)CCCCCCCC=CCCCCCCCC
DPPC,60,40,0,ZZ,0.34,4.08,7.92,12,1169,0.04,1,16,0,16,0,[O-]P(OCC[N+](C)(C)C)(OC[C@]([H])(OC(CCCCCCCCCCCCCCC)=O)COC(CCCCCCCCCCCCCCC)=O)=O
DPPC,60,40,0,ZZ,0.38,4.56,7.44,12,1974,0.257,1,16,0,16,0,[O-]P(OCC[N+](C)(C)C)(OC[C@]([H])(OC(CCCCCCCCCCCCCCC)=O)COC(CCCCCCCCCCCCCCC)=O)=O
DPPC,60,40,0,ZZ,0.42,5.04,6.96,12,1249.8,3.097,1,16,0,16,0,[O-]P(OCC[N+](C)(C)C)(OC[C@]([H])(OC(CCCCCCCCCCCCCCC)=O)COC(CCCCCCCCCCCCCCC)=O)=O
DPPC,60,40,0,ZZ,0.46,5.52,6.48,12,1087.6,0.316,1,16,0,16,0,[O-]P(OCC[N+](C)(C)C)(OC[C@]([H])(OC(CCCCCCCCCCCCCCC)=O)COC(CCCCCCCCCCCCCCC)=O)=O
DPPC,60,40,0,ZZ,0.5,6,6,12,1816.5,0.289,1,16,0,16,0,[O-]P(OCC[N+](C)(C)C)(OC[C@]([H])(OC(CCCCCCCCCCCCCCC)=O)COC(CCCCCCCCCCCCCCC)=O)=O
DMPC,75,20,5,ZZ,0.22,2.64,9.36,12,65.91,0.184,2,14,0,14,0,[O-]P(OCC[N+](C)(C)C)(OC[C@]([H])(OC(CCCCCCCCCCCCC)=O)COC(CCCCCCCCCCCCC)=O)=O
DMPC,80,20,0,SR,0.24,2.88,9.12,12,65.88,0.189,1,14,0,14,0,[O-]P(OCC[N+](C)(C)C)(OC[C@]([H])(OC(CCCCCCCCCCCCC)=O)COC(CCCCCCCCCCCCC)=O)=O
HSPC,55,40,5,ZZ,0.26,3.12,8.88,12,65.22,0.102,1,18,0,18,0,CCCCCCCCCCCCCCCCCC(=O)OC(COC(=O)CCCCCCCCCCCCCCC)COP(=O)(O)OCC[N+](C)(C)C
POPC,75,20,5,ZZ,0.42,5.04,6.96,12,64.11,0.088,1,16,0,18,1,CCCCCCCCCCCCCCCC(=O)OCC(COP(=O)([O-])OCC[N+](C)(C)C)OC(=O)CCCCCCCC=CCCCCCCCC
DPPC,60,40,0,SR,0.32,3.84,8.16,12,642.9,1.693,1,16,0,16,0,[O-]P(OCC[N+](C)(C)C)(OC[C@]([H])(OC(CCCCCCCCCCCCCCC)=O)COC(CCCCCCCCCCCCCCC)=O)=O
DPPC,60,40,0,SR,0.36,4.32,7.68,12,580.8,1.473,2,16,0,16,0,[O-]P(OCC[N+](C)(C)C)(OC[C@]([H])(OC(CCCCCCCCCCCCCCC)=O)COC(CCCCCCCCCCCCCCC)=O)=O
DPPC,60,40,0,SR,0.4,4.8,7.2,12,1300.6,4.942,1,16,0,16,0,[O-]P(OCC[N+](C)(C)C)(OC[C@]([H])(OC(CCCCCCCCCCCCCCC)=O)COC(CCCCCCCCCCCCCCC)=O)=O
DPPC,60,40,0,SR,0.44,5.28,6.72,12,1187.5,2.765,1,16,0,16,0,[O-]P(OCC[N+](C)(C)C)(OC[C@]([H])(OC(CCCCCCCCCCCCCCC)=O)COC(CCCCCCCCCCCCCCC)=O)=O
DPPC,60,40,0,SR,0.48,5.76,6.24,12,3026,0.341,1,16,0,16,0,[O-]P(OCC[N+](C)(C)C)(OC[C@]([H])(OC(CCCCCCCCCCCCCCC)=O)COC(CCCCCCCCCCCCCCC)=O)=O
DPPC,95,0,5,ZZ,0.14,1.68,10.32,12,1113.1,0.266,1,16,0,16,0,[O-]P(OCC[N+](C)(C)C)(OC[C@]([H])(OC(CCCCCCCCCCCCCCC)=O)COC(CCCCCCCCCCCCCCC)=O)=O
DPPC,95,0,5,ZZ,0.18,2.16,9.84,12,5890,1.096,1,16,0,16,0,[O-]P(OCC[N+](C)(C)C)(OC[C@]([H])(OC(CCCCCCCCCCCCCCC)=O)COC(CCCCCCCCCCCCCCC)=O)=O
DPPC,95,0,5,ZZ,0.22,2.64,9.36,12,9480.6,0.294,1,16,0,16,0,[O-]P(OCC[N+](C)(C)C)(OC[C@]([H])(OC(CCCCCCCCCCCCCCC)=O)COC(CCCCCCCCCCCCCCC)=O)=O
DPPC,95,0,5,ZZ,0.26,3.12,8.88,12,58014,0.215,2,16,0,16,0,[O-]P(OCC[N+](C)(C)C)(OC[C@]([H])(OC(CCCCCCCCCCCCCCC)=O)COC(CCCCCCCCCCCCCCC)=O)=O
DPPC,95,0,5,ZZ,0.3,3.6,8.4,12,73987,0.516,1,16,0,16,0,[O-]P(OCC[N+](C)(C)C)(OC[C@]([H])(OC(CCCCCCCCCCCCCCC)=O)COC(CCCCCCCCCCCCCCC)=O)=O
DPPC,95,0,5,ZZ,0.34,4.08,7.92,12,5428,0.452,1,16,0,16,0,[O-]P(OCC[N+](C)(C)C)(OC[C@]([H])(OC(CCCCCCCCCCCCCCC)=O)COC(CCCCCCCCCCCCCCC)=O)=O
DPPC,95,0,5,ZZ,0.38,4.56,7.44,12,1130624,0.07,1,16,0,16,0,[O-]P(OCC[N+](C)(C)C)(OC[C@]([H])(OC(CCCCCCCCCCCCCCC)=O)COC(CCCCCCCCCCCCCCC)=O)=O
DPPC,95,0,5,ZZ,0.42,5.04,6.96,12,2908,0.068,1,16,0,16,0,[O-]P(OCC[N+](C)(C)C)(OC[C@]([H])(OC(CCCCCCCCCCCCCCC)=O)COC(CCCCCCCCCCCCCCC)=O)=O
DPPC,95,0,5,ZZ,0.46,5.52,6.48,12,2841,0.232,1,16,0,16,0,[O-]P(OCC[N+](C)(C)C)(OC[C@]([H])(OC(CCCCCCCCCCCCCCC)=O)COC(CCCCCCCCCCCCCCC)=O)=O
DPPC,95,0,5,ZZ,0.5,6,6,12,2899,0.47,1,16,0,16,0,[O-]P(OCC[N+](C)(C)C)(OC[C@]([H])(OC(CCCCCCCCCCCCCCC)=O)COC(CCCCCCCCCCCCCCC)=O)=O
DPPC,95,0,5,SR,0.16,1.92,10.08,12,47956,0.37,1,16,0,16,0,[O-]P(OCC[N+](C)(C)C)(OC[C@]([H])(OC(CCCCCCCCCCCCCCC)=O)COC(CCCCCCCCCCCCCCC)=O)=O
DPPC,95,0,5,SR,0.2,2.4,9.6,12,2418,0.327,1,16,0,16,0,[O-]P(OCC[N+](C)(C)C)(OC[C@]([H])(OC(CCCCCCCCCCCCCCC)=O)COC(CCCCCCCCCCCCCCC)=O)=O
DPPC,95,0,5,SR,0.24,2.88,9.12,12,1319,0.255,1,16,0,16,0,[O-]P(OCC[N+](C)(C)C)(OC[C@]([H])(OC(CCCCCCCCCCCCCCC)=O)COC(CCCCCCCCCCCCCCC)=O)=O
DPPC,95,0,5,SR,0.28,3.36,8.64,12,1880.3,0.334,2,16,0,16,0,[O-]P(OCC[N+](C)(C)C)(OC[C@]([H])(OC(CCCCCCCCCCCCCCC)=O)COC(CCCCCCCCCCCCCCC)=O)=O
DPPC,95,0,5,SR,0.32,3.84,8.16,12,2211,0.309,2,16,0,16,0,[O-]P(OCC[N+](C)(C)C)(OC[C@]([H])(OC(CCCCCCCCCCCCCCC)=O)COC(CCCCCCCCCCCCCCC)=O)=O
DPPC,95,0,5,SR,0.36,4.32,7.68,12,4252,5.782,2,16,0,16,0,[O-]P(OCC[N+](C)(C)C)(OC[C@]([H])(OC(CCCCCCCCCCCCCCC)=O)COC(CCCCCCCCCCCCCCC)=O)=O
DPPC,95,0,5,SR,0.4,4.8,7.2,12,1436.5,0.331,2,16,0,16,0,[O-]P(OCC[N+](C)(C)C)(OC[C@]([H])(OC(CCCCCCCCCCCCCCC)=O)COC(CCCCCCCCCCCCCCC)=O)=O
DPPC,95,0,5,SR,0.44,5.28,6.72,12,2163,0.247,1,16,0,16,0,[O-]P(OCC[N+](C)(C)C)(OC[C@]([H])(OC(CCCCCCCCCCCCCCC)=O)COC(CCCCCCCCCCCCCCC)=O)=O
DPPC,95,0,5,SR,0.48,5.76,6.24,12,120287,0.344,1,16,0,16,0,[O-]P(OCC[N+](C)(C)C)(OC[C@]([H])(OC(CCCCCCCCCCCCCCC)=O)COC(CCCCCCCCCCCCCCC)=O)=O
DMPC,75,20,5,SR,0.16,1.92,10.08,12,64.04,0.129,2,14,0,14,0,[O-]P(OCC[N+](C)(C)C)(OC[C@]([H])(OC(CCCCCCCCCCCCC)=O)COC(CCCCCCCCCCCCC)=O)=O
DOPC,80,20,0,ZZ,0.34,4.08,7.92,12,71.28,0.211,1,18,1,18,1,[O-]P(OCC[N+](C)(C)C)(OC[C@]([H])(OC(CCCCCCC/C=C\CCCCCCCC)=O)COC(CCCCCCC/C=C\CCCCCCCC)=O)=O
DOPC,75,20,5,SR,0.4,4.8,7.2,12,63.44,0.06,1,18,1,18,1,[O-]P(OCC[N+](C)(C)C)(OC[C@]([H])(OC(CCCCCCC/C=C\CCCCCCCC)=O)COC(CCCCCCC/C=C\CCCCCCCC)=O)=O
DPPC,55,40,5,ZZ,0.14,1.68,10.32,12,63.28,0.138,1,16,0,16,0,[O-]P(OCC[N+](C)(C)C)(OC[C@]([H])(OC(CCCCCCCCCCCCCCC)=O)COC(CCCCCCCCCCCCCCC)=O)=O
DOPC,60,40,0,SR,0.16,1.92,10.08,12,62.78,0.249,2,18,1,18,1,[O-]P(OCC[N+](C)(C)C)(OC[C@]([H])(OC(CCCCCCC/C=C\CCCCCCCC)=O)COC(CCCCCCC/C=C\CCCCCCCC)=O)=O
DOPC,55,40,5,ZZ,0.38,4.56,7.44,12,62.12,0.062,1,18,1,18,1,[O-]P(OCC[N+](C)(C)C)(OC[C@]([H])(OC(CCCCCCC/C=C\CCCCCCCC)=O)COC(CCCCCCC/C=C\CCCCCCCC)=O)=O
DOPC,80,20,0,SR,0.32,3.84,8.16,12,59.89,0.182,2,18,1,18,1,[O-]P(OCC[N+](C)(C)C)(OC[C@]([H])(OC(CCCCCCC/C=C\CCCCCCCC)=O)COC(CCCCCCC/C=C\CCCCCCCC)=O)=O
POPC,60,40,0,SR,0.28,3.36,8.64,12,61.76,0.173,1,16,0,18,1,CCCCCCCCCCCCCCCC(=O)OCC(COP(=O)([O-])OCC[N+](C)(C)C)OC(=O)CCCCCCCC=CCCCCCCCC
DPPC,75,20,5,ZZ,0.46,5.52,6.48,12,1404,0.354,1,16,0,16,0,[O-]P(OCC[N+](C)(C)C)(OC[C@]([H])(OC(CCCCCCCCCCCCCCC)=O)COC(CCCCCCCCCCCCCCC)=O)=O
DPPC,75,20,5,ZZ,0.5,6,6,12,729.5,0.281,1,16,0,16,0,[O-]P(OCC[N+](C)(C)C)(OC[C@]([H])(OC(CCCCCCCCCCCCCCC)=O)COC(CCCCCCCCCCCCCCC)=O)=O
HSPC,55,40,5,ZZ,0.18,2.16,9.84,12,61.6,0.143,2,18,0,18,0,CCCCCCCCCCCCCCCCCC(=O)OC(COC(=O)CCCCCCCCCCCCCCC)COP(=O)(O)OCC[N+](C)(C)C
DPPC,75,20,5,ZZ,0.22,2.64,9.36,12,61.3,0.222,1,16,0,16,0,[O-]P(OCC[N+](C)(C)C)(OC[C@]([H])(OC(CCCCCCCCCCCCCCC)=O)COC(CCCCCCCCCCCCCCC)=O)=O
DMPC,55,40,5,ZZ,0.14,1.68,10.32,12,60.58,0.106,1,14,0,14,0,[O-]P(OCC[N+](C)(C)C)(OC[C@]([H])(OC(CCCCCCCCCCCCC)=O)COC(CCCCCCCCCCCCC)=O)=O
DMPC,75,20,5,ZZ,0.18,2.16,9.84,12,60.05,0.143,1,14,0,14,0,[O-]P(OCC[N+](C)(C)C)(OC[C@]([H])(OC(CCCCCCCCCCCCC)=O)COC(CCCCCCCCCCCCC)=O)=O
DOPC,60,40,0,SR,0.2,2.4,9.6,12,60.04,0.245,1,18,1,18,1,[O-]P(OCC[N+](C)(C)C)(OC[C@]([H])(OC(CCCCCCC/C=C\CCCCCCCC)=O)COC(CCCCCCC/C=C\CCCCCCCC)=O)=O
DOPC,80,20,0,ZZ,0.3,3.6,8.4,12,58.72,0.168,2,18,1,18,1,[O-]P(OCC[N+](C)(C)C)(OC[C@]([H])(OC(CCCCCCC/C=C\CCCCCCCC)=O)COC(CCCCCCC/C=C\CCCCCCCC)=O)=O
POPC,75,20,5,SR,0.4,4.8,7.2,12,59.97,0.086,1,16,0,18,1,CCCCCCCCCCCCCCCC(=O)OCC(COP(=O)([O-])OCC[N+](C)(C)C)OC(=O)CCCCCCCC=CCCCCCCCC
DPPC,75,20,5,SR,0.44,5.28,6.72,12,1091.8,0.283,2,16,0,16,0,[O-]P(OCC[N+](C)(C)C)(OC[C@]([H])(OC(CCCCCCCCCCCCCCC)=O)COC(CCCCCCCCCCCCCCC)=O)=O
DPPC,75,20,5,SR,0.48,5.76,6.24,12,982.1,0.241,1,16,0,16,0,[O-]P(OCC[N+](C)(C)C)(OC[C@]([H])(OC(CCCCCCCCCCCCCCC)=O)COC(CCCCCCCCCCCCCCC)=O)=O
DOPC,80,20,0,SR,0.28,3.36,8.64,12,52.1,0.231,1,18,1,18,1,[O-]P(OCC[N+](C)(C)C)(OC[C@]([H])(OC(CCCCCCC/C=C\CCCCCCCC)=O)COC(CCCCCCC/C=C\CCCCCCCC)=O)=O
DOPC,100,0,0,ZZ,0.34,4.08,7.92,12,59.56,0.136,1,18,1,18,1,[O-]P(OCC[N+](C)(C)C)(OC[C@]([H])(OC(CCCCCCC/C=C\CCCCCCCC)=O)COC(CCCCCCC/C=C\CCCCCCCC)=O)=O
DMPC,55,40,5,SR,0.16,1.92,10.08,12,59.55,0.122,2,14,0,14,0,[O-]P(OCC[N+](C)(C)C)(OC[C@]([H])(OC(CCCCCCCCCCCCC)=O)COC(CCCCCCCCCCCCC)=O)=O
DOPC,100,0,0,SR,0.32,3.84,8.16,12,55.95,0.163,1,18,1,18,1,[O-]P(OCC[N+](C)(C)C)(OC[C@]([H])(OC(CCCCCCC/C=C\CCCCCCCC)=O)COC(CCCCCCC/C=C\CCCCCCCC)=O)=O
POPC,60,40,0,SR,0.24,2.88,9.12,12,59.1,0.2,2,16,0,18,1,CCCCCCCCCCCCCCCC(=O)OCC(COP(=O)([O-])OCC[N+](C)(C)C)OC(=O)CCCCCCCC=CCCCCCCCC
POPC,60,40,0,ZZ,0.3,3.6,8.4,12,59.08,0.228,1,16,0,18,1,CCCCCCCCCCCCCCCC(=O)OCC(COP(=O)([O-])OCC[N+](C)(C)C)OC(=O)CCCCCCCC=CCCCCCCCC
DOPC,60,40,0,SR,0.36,4.32,7.68,12,58.86,0.153,1,18,1,18,1,[O-]P(OCC[N+](C)(C)C)(OC[C@]([H])(OC(CCCCCCC/C=C\CCCCCCCC)=O)COC(CCCCCCC/C=C\CCCCCCCC)=O)=O
DOPC,80,20,0,ZZ,0.26,3.12,8.88,12,55.7,0.2,2,18,1,18,1,[O-]P(OCC[N+](C)(C)C)(OC[C@]([H])(OC(CCCCCCC/C=C\CCCCCCCC)=O)COC(CCCCCCC/C=C\CCCCCCCC)=O)=O
POPC,95,0,5,SR,0.4,4.8,7.2,12,58.62,0.14,2,16,0,18,1,CCCCCCCCCCCCCCCC(=O)OCC(COP(=O)([O-])OCC[N+](C)(C)C)OC(=O)CCCCCCCC=CCCCCCCCC
POPC,80,20,0,ZZ,0.38,4.56,7.44,12,80.86,0.163,1,16,0,18,1,CCCCCCCCCCCCCCCC(=O)OCC(COP(=O)([O-])OCC[N+](C)(C)C)OC(=O)CCCCCCCC=CCCCCCCCC
POPC,80,20,0,SR,0.36,4.32,7.68,12,67.34,0.15,1,16,0,18,1,CCCCCCCCCCCCCCCC(=O)OCC(COP(=O)([O-])OCC[N+](C)(C)C)OC(=O)CCCCCCCC=CCCCCCCCC
POPC,60,40,0,SR,0.2,2.4,9.6,12,58.3,0.224,1,16,0,18,1,CCCCCCCCCCCCCCCC(=O)OCC(COP(=O)([O-])OCC[N+](C)(C)C)OC(=O)CCCCCCCC=CCCCCCCCC
POPC,95,0,5,ZZ,0.38,4.56,7.44,12,57.76,0.083,1,16,0,18,1,CCCCCCCCCCCCCCCC(=O)OCC(COP(=O)([O-])OCC[N+](C)(C)C)OC(=O)CCCCCCCC=CCCCCCCCC
POPC,55,40,5,SR,0.32,3.84,8.16,12,57.33,0.127,2,16,0,18,1,CCCCCCCCCCCCCCCC(=O)OCC(COP(=O)([O-])OCC[N+](C)(C)C)OC(=O)CCCCCCCC=CCCCCCCCC
DPPC,55,40,5,SR,0.2,2.4,9.6,12,56.38,0.171,2,16,0,16,0,[O-]P(OCC[N+](C)(C)C)(OC[C@]([H])(OC(CCCCCCCCCCCCCCC)=O)COC(CCCCCCCCCCCCCCC)=O)=O
POPC,80,20,0,ZZ,0.34,4.08,7.92,12,68.01,0.2211,2,16,0,18,1,CCCCCCCCCCCCCCCC(=O)OCC(COP(=O)([O-])OCC[N+](C)(C)C)OC(=O)CCCCCCCC=CCCCCCCCC
DOPC,75,20,5,ZZ,0.34,4.08,7.92,12,56.06,0.009,1,18,1,18,1,[O-]P(OCC[N+](C)(C)C)(OC[C@]([H])(OC(CCCCCCC/C=C\CCCCCCCC)=O)COC(CCCCCCC/C=C\CCCCCCCC)=O)=O
DOPC,100,0,0,ZZ,0.3,3.6,8.4,12,48.7,0.161,1,18,1,18,1,[O-]P(OCC[N+](C)(C)C)(OC[C@]([H])(OC(CCCCCCC/C=C\CCCCCCCC)=O)COC(CCCCCCC/C=C\CCCCCCCC)=O)=O
DOPC,60,40,0,ZZ,0.3,3.6,8.4,12,55.81,0.21,1,18,1,18,1,[O-]P(OCC[N+](C)(C)C)(OC[C@]([H])(OC(CCCCCCC/C=C\CCCCCCCC)=O)COC(CCCCCCC/C=C\CCCCCCCC)=O)=O
HSPC,100,0,0,ZZ,0.14,1.68,10.32,12,14392,2.981,2,18,0,18,0,CCCCCCCCCCCCCCCCCC(=O)OC(COC(=O)CCCCCCCCCCCCCCC)COP(=O)(O)OCC[N+](C)(C)C
HSPC,100,0,0,ZZ,0.18,2.16,9.84,12,72749,2.3,1,18,0,18,0,CCCCCCCCCCCCCCCCCC(=O)OC(COC(=O)CCCCCCCCCCCCCCC)COP(=O)(O)OCC[N+](C)(C)C
HSPC,100,0,0,ZZ,0.22,2.64,9.36,12,139301,0.06,2,18,0,18,0,CCCCCCCCCCCCCCCCCC(=O)OC(COC(=O)CCCCCCCCCCCCCCC)COP(=O)(O)OCC[N+](C)(C)C
HSPC,100,0,0,ZZ,0.26,3.12,8.88,12,56179,0.189,1,18,0,18,0,CCCCCCCCCCCCCCCCCC(=O)OC(COC(=O)CCCCCCCCCCCCCCC)COP(=O)(O)OCC[N+](C)(C)C
HSPC,100,0,0,ZZ,0.3,3.6,8.4,12,90396,0.282,2,18,0,18,0,CCCCCCCCCCCCCCCCCC(=O)OC(COC(=O)CCCCCCCCCCCCCCC)COP(=O)(O)OCC[N+](C)(C)C
HSPC,100,0,0,ZZ,0.34,4.08,7.92,12,445536,9.23,1,18,0,18,0,CCCCCCCCCCCCCCCCCC(=O)OC(COC(=O)CCCCCCCCCCCCCCC)COP(=O)(O)OCC[N+](C)(C)C
HSPC,100,0,0,ZZ,0.38,4.56,7.44,12,29329,4.25,1,18,0,18,0,CCCCCCCCCCCCCCCCCC(=O)OC(COC(=O)CCCCCCCCCCCCCCC)COP(=O)(O)OCC[N+](C)(C)C
HSPC,100,0,0,ZZ,0.42,5.04,6.96,12,135380,0.449,2,18,0,18,0,CCCCCCCCCCCCCCCCCC(=O)OC(COC(=O)CCCCCCCCCCCCCCC)COP(=O)(O)OCC[N+](C)(C)C
HSPC,100,0,0,ZZ,0.46,5.52,6.48,12,5312,0.321,2,18,0,18,0,CCCCCCCCCCCCCCCCCC(=O)OC(COC(=O)CCCCCCCCCCCCCCC)COP(=O)(O)OCC[N+](C)(C)C
HSPC,100,0,0,ZZ,0.5,6,6,12,5171,3.32,2,18,0,18,0,CCCCCCCCCCCCCCCCCC(=O)OC(COC(=O)CCCCCCCCCCCCCCC)COP(=O)(O)OCC[N+](C)(C)C
HSPC,100,0,0,SR,0.16,1.92,10.08,12,87391,3.694,1,18,0,18,0,CCCCCCCCCCCCCCCCCC(=O)OC(COC(=O)CCCCCCCCCCCCCCC)COP(=O)(O)OCC[N+](C)(C)C
HSPC,100,0,0,SR,0.2,2.4,9.6,12,120489,0.184,2,18,0,18,0,CCCCCCCCCCCCCCCCCC(=O)OC(COC(=O)CCCCCCCCCCCCCCC)COP(=O)(O)OCC[N+](C)(C)C
HSPC,100,0,0,SR,0.24,2.88,9.12,12,75078.2,2.4606,1,18,0,18,0,CCCCCCCCCCCCCCCCCC(=O)OC(COC(=O)CCCCCCCCCCCCCCC)COP(=O)(O)OCC[N+](C)(C)C
HSPC,100,0,0,SR,0.28,3.36,8.64,12,68322,0.172,2,18,0,18,0,CCCCCCCCCCCCCCCCCC(=O)OC(COC(=O)CCCCCCCCCCCCCCC)COP(=O)(O)OCC[N+](C)(C)C
HSPC,100,0,0,SR,0.32,3.84,8.16,12,85673,0.53,2,18,0,18,0,CCCCCCCCCCCCCCCCCC(=O)OC(COC(=O)CCCCCCCCCCCCCCC)COP(=O)(O)OCC[N+](C)(C)C
HSPC,100,0,0,SR,0.36,4.32,7.68,12,98862,1.54,1,18,0,18,0,CCCCCCCCCCCCCCCCCC(=O)OC(COC(=O)CCCCCCCCCCCCCCC)COP(=O)(O)OCC[N+](C)(C)C
HSPC,100,0,0,SR,0.4,4.8,7.2,12,86271,0.43,1,18,0,18,0,CCCCCCCCCCCCCCCCCC(=O)OC(COC(=O)CCCCCCCCCCCCCCC)COP(=O)(O)OCC[N+](C)(C)C
HSPC,100,0,0,SR,0.44,5.28,6.72,12,927732,0.32,1,18,0,18,0,CCCCCCCCCCCCCCCCCC(=O)OC(COC(=O)CCCCCCCCCCCCCCC)COP(=O)(O)OCC[N+](C)(C)C
HSPC,100,0,0,SR,0.48,5.76,6.24,12,393212,3.72,1,18,0,18,0,CCCCCCCCCCCCCCCCCC(=O)OC(COC(=O)CCCCCCCCCCCCCCC)COP(=O)(O)OCC[N+](C)(C)C
HSPC,80,20,0,ZZ,0.14,1.68,10.32,12,1219.9,0.362,1,18,0,18,0,CCCCCCCCCCCCCCCCCC(=O)OC(COC(=O)CCCCCCCCCCCCCCC)COP(=O)(O)OCC[N+](C)(C)C
HSPC,80,20,0,ZZ,0.18,2.16,9.84,12,857.2,0.332,1,18,0,18,0,CCCCCCCCCCCCCCCCCC(=O)OC(COC(=O)CCCCCCCCCCCCCCC)COP(=O)(O)OCC[N+](C)(C)C
HSPC,80,20,0,ZZ,0.22,2.64,9.36,12,903,0.57,1,18,0,18,0,CCCCCCCCCCCCCCCCCC(=O)OC(COC(=O)CCCCCCCCCCCCCCC)COP(=O)(O)OCC[N+](C)(C)C
HSPC,80,20,0,ZZ,0.26,3.12,8.88,12,7890,0.8,2,18,0,18,0,CCCCCCCCCCCCCCCCCC(=O)OC(COC(=O)CCCCCCCCCCCCCCC)COP(=O)(O)OCC[N+](C)(C)C
HSPC,80,20,0,ZZ,0.3,3.6,8.4,12,1210,0.231,2,18,0,18,0,CCCCCCCCCCCCCCCCCC(=O)OC(COC(=O)CCCCCCCCCCCCCCC)COP(=O)(O)OCC[N+](C)(C)C
HSPC,80,20,0,ZZ,0.34,4.08,7.92,12,14221,0.121,1,18,0,18,0,CCCCCCCCCCCCCCCCCC(=O)OC(COC(=O)CCCCCCCCCCCCCCC)COP(=O)(O)OCC[N+](C)(C)C
HSPC,80,20,0,ZZ,0.38,4.56,7.44,12,9790,0.89,2,18,0,18,0,CCCCCCCCCCCCCCCCCC(=O)OC(COC(=O)CCCCCCCCCCCCCCC)COP(=O)(O)OCC[N+](C)(C)C
HSPC,80,20,0,ZZ,0.42,5.04,6.96,12,221391,1.43,1,18,0,18,0,CCCCCCCCCCCCCCCCCC(=O)OC(COC(=O)CCCCCCCCCCCCCCC)COP(=O)(O)OCC[N+](C)(C)C
HSPC,80,20,0,ZZ,0.46,5.52,6.48,12,12312,1.32,1,18,0,18,0,CCCCCCCCCCCCCCCCCC(=O)OC(COC(=O)CCCCCCCCCCCCCCC)COP(=O)(O)OCC[N+](C)(C)C
HSPC,80,20,0,ZZ,0.5,6,6,12,8533,0.43,2,18,0,18,0,CCCCCCCCCCCCCCCCCC(=O)OC(COC(=O)CCCCCCCCCCCCCCC)COP(=O)(O)OCC[N+](C)(C)C
HSPC,80,20,0,SR,0.16,1.92,10.08,12,825.1,0.25,2,18,0,18,0,CCCCCCCCCCCCCCCCCC(=O)OC(COC(=O)CCCCCCCCCCCCCCC)COP(=O)(O)OCC[N+](C)(C)C
HSPC,80,20,0,SR,0.2,2.4,9.6,12,869.5,0.324,2,18,0,18,0,CCCCCCCCCCCCCCCCCC(=O)OC(COC(=O)CCCCCCCCCCCCCCC)COP(=O)(O)OCC[N+](C)(C)C
HSPC,80,20,0,SR,0.24,2.88,9.12,12,3009,6.647,1,18,0,18,0,CCCCCCCCCCCCCCCCCC(=O)OC(COC(=O)CCCCCCCCCCCCCCC)COP(=O)(O)OCC[N+](C)(C)C
HSPC,80,20,0,SR,0.28,3.36,8.64,12,1558.2,0.226,1,18,0,18,0,CCCCCCCCCCCCCCCCCC(=O)OC(COC(=O)CCCCCCCCCCCCCCC)COP(=O)(O)OCC[N+](C)(C)C
HSPC,80,20,0,SR,0.32,3.84,8.16,12,7789,0.43,2,18,0,18,0,CCCCCCCCCCCCCCCCCC(=O)OC(COC(=O)CCCCCCCCCCCCCCC)COP(=O)(O)OCC[N+](C)(C)C
HSPC,80,20,0,SR,0.36,4.32,7.68,12,1234,0.43,1,18,0,18,0,CCCCCCCCCCCCCCCCCC(=O)OC(COC(=O)CCCCCCCCCCCCCCC)COP(=O)(O)OCC[N+](C)(C)C
HSPC,80,20,0,SR,0.4,4.8,7.2,12,7890,0.54,1,18,0,18,0,CCCCCCCCCCCCCCCCCC(=O)OC(COC(=O)CCCCCCCCCCCCCCC)COP(=O)(O)OCC[N+](C)(C)C
HSPC,80,20,0,SR,0.44,5.28,6.72,12,8782,0.56,2,18,0,18,0,CCCCCCCCCCCCCCCCCC(=O)OC(COC(=O)CCCCCCCCCCCCCCC)COP(=O)(O)OCC[N+](C)(C)C
HSPC,80,20,0,SR,0.48,5.76,6.24,12,3453,0.33,2,18,0,18,0,CCCCCCCCCCCCCCCCCC(=O)OC(COC(=O)CCCCCCCCCCCCCCC)COP(=O)(O)OCC[N+](C)(C)C
HSPC,60,40,0,ZZ,0.14,1.68,10.32,12,244.9,0.263,2,18,0,18,0,CCCCCCCCCCCCCCCCCC(=O)OC(COC(=O)CCCCCCCCCCCCCCC)COP(=O)(O)OCC[N+](C)(C)C
POPC,55,40,5,ZZ,0.3,3.6,8.4,12,55.72,0.118,2,16,0,18,1,CCCCCCCCCCCCCCCC(=O)OCC(COP(=O)([O-])OCC[N+](C)(C)C)OC(=O)CCCCCCCC=CCCCCCCCC
DOPC,80,20,0,SR,0.24,2.88,9.12,12,48.63,0.255,1,18,1,18,1,[O-]P(OCC[N+](C)(C)C)(OC[C@]([H])(OC(CCCCCCC/C=C\CCCCCCCC)=O)COC(CCCCCCC/C=C\CCCCCCCC)=O)=O
DOPC,95,0,5,ZZ,0.38,4.56,7.44,12,54.54,0.067,1,18,1,18,1,[O-]P(OCC[N+](C)(C)C)(OC[C@]([H])(OC(CCCCCCC/C=C\CCCCCCCC)=O)COC(CCCCCCC/C=C\CCCCCCCC)=O)=O
DOPC,60,40,0,ZZ,0.18,2.16,9.84,12,54.24,0.207,2,18,1,18,1,[O-]P(OCC[N+](C)(C)C)(OC[C@]([H])(OC(CCCCCCC/C=C\CCCCCCCC)=O)COC(CCCCCCC/C=C\CCCCCCCC)=O)=O
HSPC,60,40,0,ZZ,0.34,4.08,7.92,12,1582.2,0.231,2,18,0,18,0,CCCCCCCCCCCCCCCCCC(=O)OC(COC(=O)CCCCCCCCCCCCCCC)COP(=O)(O)OCC[N+](C)(C)C
HSPC,60,40,0,ZZ,0.38,4.56,7.44,12,4321,0.321,1,18,0,18,0,CCCCCCCCCCCCCCCCCC(=O)OC(COC(=O)CCCCCCCCCCCCCCC)COP(=O)(O)OCC[N+](C)(C)C
HSPC,60,40,0,ZZ,0.42,5.04,6.96,12,6421,0.35,1,18,0,18,0,CCCCCCCCCCCCCCCCCC(=O)OC(COC(=O)CCCCCCCCCCCCCCC)COP(=O)(O)OCC[N+](C)(C)C
HSPC,60,40,0,ZZ,0.46,5.52,6.48,12,5031,0.27,2,18,0,18,0,CCCCCCCCCCCCCCCCCC(=O)OC(COC(=O)CCCCCCCCCCCCCCC)COP(=O)(O)OCC[N+](C)(C)C
HSPC,60,40,0,ZZ,0.5,6,6,12,7821,0.63,1,18,0,18,0,CCCCCCCCCCCCCCCCCC(=O)OC(COC(=O)CCCCCCCCCCCCCCC)COP(=O)(O)OCC[N+](C)(C)C
DMPC,95,0,5,ZZ,0.3,3.6,8.4,12,54.17,0.062,2,14,0,14,0,[O-]P(OCC[N+](C)(C)C)(OC[C@]([H])(OC(CCCCCCCCCCCCC)=O)COC(CCCCCCCCCCCCC)=O)=O
POPC,60,40,0,ZZ,0.26,3.12,8.88,12,54.02,0.201,1,16,0,18,1,CCCCCCCCCCCCCCCC(=O)OCC(COP(=O)([O-])OCC[N+](C)(C)C)OC(=O)CCCCCCCC=CCCCCCCCC
DOPC,60,40,0,SR,0.24,2.88,9.12,12,53.98,0.233,1,18,1,18,1,[O-]P(OCC[N+](C)(C)C)(OC[C@]([H])(OC(CCCCCCC/C=C\CCCCCCCC)=O)COC(CCCCCCC/C=C\CCCCCCCC)=O)=O
DOPC,95,0,5,SR,0.4,4.8,7.2,12,53.93,0.06,2,18,1,18,1,[O-]P(OCC[N+](C)(C)C)(OC[C@]([H])(OC(CCCCCCC/C=C\CCCCCCCC)=O)COC(CCCCCCC/C=C\CCCCCCCC)=O)=O
POPC,100,0,0,SR,0.44,5.28,6.72,12,232.1,0.269,1,16,0,18,1,CCCCCCCCCCCCCCCC(=O)OCC(COP(=O)([O-])OCC[N+](C)(C)C)OC(=O)CCCCCCCC=CCCCCCCCC
HSPC,60,40,0,SR,0.36,4.32,7.68,12,1380.3,0.125,2,18,0,18,0,CCCCCCCCCCCCCCCCCC(=O)OC(COC(=O)CCCCCCCCCCCCCCC)COP(=O)(O)OCC[N+](C)(C)C
HSPC,60,40,0,SR,0.4,4.8,7.2,12,3686,0.236,2,18,0,18,0,CCCCCCCCCCCCCCCCCC(=O)OC(COC(=O)CCCCCCCCCCCCCCC)COP(=O)(O)OCC[N+](C)(C)C
HSPC,60,40,0,SR,0.44,5.28,6.72,12,6328,0.366,1,18,0,18,0,CCCCCCCCCCCCCCCCCC(=O)OC(COC(=O)CCCCCCCCCCCCCCC)COP(=O)(O)OCC[N+](C)(C)C
HSPC,60,40,0,SR,0.48,5.76,6.24,12,4041,0.421,2,18,0,18,0,CCCCCCCCCCCCCCCCCC(=O)OC(COC(=O)CCCCCCCCCCCCCCC)COP(=O)(O)OCC[N+](C)(C)C
HSPC,95,0,5,ZZ,0.14,1.68,10.32,12,6248,0.227,1,18,0,18,0,CCCCCCCCCCCCCCCCCC(=O)OC(COC(=O)CCCCCCCCCCCCCCC)COP(=O)(O)OCC[N+](C)(C)C
HSPC,95,0,5,ZZ,0.18,2.16,9.84,12,1724.6,0.324,2,18,0,18,0,CCCCCCCCCCCCCCCCCC(=O)OC(COC(=O)CCCCCCCCCCCCCCC)COP(=O)(O)OCC[N+](C)(C)C
HSPC,95,0,5,ZZ,0.22,2.64,9.36,12,34021,0.471,1,18,0,18,0,CCCCCCCCCCCCCCCCCC(=O)OC(COC(=O)CCCCCCCCCCCCCCC)COP(=O)(O)OCC[N+](C)(C)C
HSPC,95,0,5,ZZ,0.26,3.12,8.88,12,5178,6.72,2,18,0,18,0,CCCCCCCCCCCCCCCCCC(=O)OC(COC(=O)CCCCCCCCCCCCCCC)COP(=O)(O)OCC[N+](C)(C)C
HSPC,95,0,5,ZZ,0.3,3.6,8.4,12,55712,65.6,1,18,0,18,0,CCCCCCCCCCCCCCCCCC(=O)OC(COC(=O)CCCCCCCCCCCCCCC)COP(=O)(O)OCC[N+](C)(C)C
HSPC,95,0,5,ZZ,0.34,4.08,7.92,12,99679,0.283,2,18,0,18,0,CCCCCCCCCCCCCCCCCC(=O)OC(COC(=O)CCCCCCCCCCCCCCC)COP(=O)(O)OCC[N+](C)(C)C
HSPC,95,0,5,ZZ,0.38,4.56,7.44,12,83384,0.994,1,18,0,18,0,CCCCCCCCCCCCCCCCCC(=O)OC(COC(=O)CCCCCCCCCCCCCCC)COP(=O)(O)OCC[N+](C)(C)C
HSPC,95,0,5,ZZ,0.42,5.04,6.96,12,14744,0.837,1,18,0,18,0,CCCCCCCCCCCCCCCCCC(=O)OC(COC(=O)CCCCCCCCCCCCCCC)COP(=O)(O)OCC[N+](C)(C)C
HSPC,95,0,5,ZZ,0.46,5.52,6.48,12,64829,0.303,1,18,0,18,0,CCCCCCCCCCCCCCCCCC(=O)OC(COC(=O)CCCCCCCCCCCCCCC)COP(=O)(O)OCC[N+](C)(C)C
HSPC,95,0,5,ZZ,0.5,6,6,12,2499,0.526,1,18,0,18,0,CCCCCCCCCCCCCCCCCC(=O)OC(COC(=O)CCCCCCCCCCCCCCC)COP(=O)(O)OCC[N+](C)(C)C
HSPC,95,0,5,SR,0.16,1.92,10.08,12,1429.3,0.408,2,18,0,18,0,CCCCCCCCCCCCCCCCCC(=O)OC(COC(=O)CCCCCCCCCCCCCCC)COP(=O)(O)OCC[N+](C)(C)C
HSPC,95,0,5,SR,0.2,2.4,9.6,12,945.2,0.362,1,18,0,18,0,CCCCCCCCCCCCCCCCCC(=O)OC(COC(=O)CCCCCCCCCCCCCCC)COP(=O)(O)OCC[N+](C)(C)C
HSPC,95,0,5,SR,0.24,2.88,9.12,12,7047,4.72,2,18,0,18,0,CCCCCCCCCCCCCCCCCC(=O)OC(COC(=O)CCCCCCCCCCCCCCC)COP(=O)(O)OCC[N+](C)(C)C
HSPC,95,0,5,SR,0.28,3.36,8.64,12,63706,0.621,2,18,0,18,0,CCCCCCCCCCCCCCCCCC(=O)OC(COC(=O)CCCCCCCCCCCCCCC)COP(=O)(O)OCC[N+](C)(C)C
HSPC,95,0,5,SR,0.32,3.84,8.16,12,1564,0.154,1,18,0,18,0,CCCCCCCCCCCCCCCCCC(=O)OC(COC(=O)CCCCCCCCCCCCCCC)COP(=O)(O)OCC[N+](C)(C)C
HSPC,95,0,5,SR,0.36,4.32,7.68,12,6439,1.497,1,18,0,18,0,CCCCCCCCCCCCCCCCCC(=O)OC(COC(=O)CCCCCCCCCCCCCCC)COP(=O)(O)OCC[N+](C)(C)C
HSPC,95,0,5,SR,0.4,4.8,7.2,12,13788,2.65,2,18,0,18,0,CCCCCCCCCCCCCCCCCC(=O)OC(COC(=O)CCCCCCCCCCCCCCC)COP(=O)(O)OCC[N+](C)(C)C
HSPC,95,0,5,SR,0.44,5.28,6.72,12,5087,2.88,1,18,0,18,0,CCCCCCCCCCCCCCCCCC(=O)OC(COC(=O)CCCCCCCCCCCCCCC)COP(=O)(O)OCC[N+](C)(C)C
HSPC,95,0,5,SR,0.48,5.76,6.24,12,299.7,0.195,2,18,0,18,0,CCCCCCCCCCCCCCCCCC(=O)OC(COC(=O)CCCCCCCCCCCCCCC)COP(=O)(O)OCC[N+](C)(C)C
POPC,75,20,5,ZZ,0.38,4.56,7.44,12,53.3,0.139,1,16,0,18,1,CCCCCCCCCCCCCCCC(=O)OCC(COP(=O)([O-])OCC[N+](C)(C)C)OC(=O)CCCCCCCC=CCCCCCCCC
POPC,55,40,5,ZZ,0.22,2.64,9.36,12,52.91,0.159,2,16,0,18,1,CCCCCCCCCCCCCCCC(=O)OCC(COP(=O)([O-])OCC[N+](C)(C)C)OC(=O)CCCCCCCC=CCCCCCCCC
DMPC,95,0,5,SR,0.28,3.36,8.64,12,52.9,0.102,1,14,0,14,0,[O-]P(OCC[N+](C)(C)C)(OC[C@]([H])(OC(CCCCCCCCCCCCC)=O)COC(CCCCCCCCCCCCC)=O)=O
DOPC,60,40,0,ZZ,0.22,2.64,9.36,12,52.52,0.208,1,18,1,18,1,[O-]P(OCC[N+](C)(C)C)(OC[C@]([H])(OC(CCCCCCC/C=C\CCCCCCCC)=O)COC(CCCCCCC/C=C\CCCCCCCC)=O)=O
DOPC,75,20,5,SR,0.36,4.32,7.68,12,52.36,0.064,1,18,1,18,1,[O-]P(OCC[N+](C)(C)C)(OC[C@]([H])(OC(CCCCCCC/C=C\CCCCCCCC)=O)COC(CCCCCCC/C=C\CCCCCCCC)=O)=O
HSPC,75,20,5,ZZ,0.34,4.08,7.92,12,362.3,0.276,1,18,0,18,0,CCCCCCCCCCCCCCCCCC(=O)OC(COC(=O)CCCCCCCCCCCCCCC)COP(=O)(O)OCC[N+](C)(C)C
HSPC,75,20,5,ZZ,0.38,4.56,7.44,12,326.8,0.387,1,18,0,18,0,CCCCCCCCCCCCCCCCCC(=O)OC(COC(=O)CCCCCCCCCCCCCCC)COP(=O)(O)OCC[N+](C)(C)C
HSPC,75,20,5,ZZ,0.42,5.04,6.96,12,193.43,0.29,2,18,0,18,0,CCCCCCCCCCCCCCCCCC(=O)OC(COC(=O)CCCCCCCCCCCCCCC)COP(=O)(O)OCC[N+](C)(C)C
HSPC,75,20,5,ZZ,0.46,5.52,6.48,12,265.3,0.153,1,18,0,18,0,CCCCCCCCCCCCCCCCCC(=O)OC(COC(=O)CCCCCCCCCCCCCCC)COP(=O)(O)OCC[N+](C)(C)C
HSPC,75,20,5,ZZ,0.5,6,6,12,191.16,0.233,1,18,0,18,0,CCCCCCCCCCCCCCCCCC(=O)OC(COC(=O)CCCCCCCCCCCCCCC)COP(=O)(O)OCC[N+](C)(C)C
POPC,60,40,0,SR,0.16,1.92,10.08,12,52.18,0.201,2,16,0,18,1,CCCCCCCCCCCCCCCC(=O)OCC(COP(=O)([O-])OCC[N+](C)(C)C)OC(=O)CCCCCCCC=CCCCCCCCC
DOPC,80,20,0,ZZ,0.22,2.64,9.36,12,49.53,0.222,2,18,1,18,1,[O-]P(OCC[N+](C)(C)C)(OC[C@]([H])(OC(CCCCCCC/C=C\CCCCCCCC)=O)COC(CCCCCCC/C=C\CCCCCCCC)=O)=O
DOPC,60,40,0,ZZ,0.26,3.12,8.88,12,52.03,0.213,1,18,1,18,1,[O-]P(OCC[N+](C)(C)C)(OC[C@]([H])(OC(CCCCCCC/C=C\CCCCCCCC)=O)COC(CCCCCCC/C=C\CCCCCCCC)=O)=O
DPPC,55,40,5,SR,0.16,1.92,10.08,12,51.99,0.143,1,16,0,16,0,[O-]P(OCC[N+](C)(C)C)(OC[C@]([H])(OC(CCCCCCCCCCCCCCC)=O)COC(CCCCCCCCCCCCCCC)=O)=O
HSPC,75,20,5,SR,0.32,3.84,8.16,12,371.7,0.232,2,18,0,18,0,CCCCCCCCCCCCCCCCCC(=O)OC(COC(=O)CCCCCCCCCCCCCCC)COP(=O)(O)OCC[N+](C)(C)C
HSPC,75,20,5,SR,0.36,4.32,7.68,12,742,0.23,2,18,0,18,0,CCCCCCCCCCCCCCCCCC(=O)OC(COC(=O)CCCCCCCCCCCCCCC)COP(=O)(O)OCC[N+](C)(C)C
HSPC,75,20,5,SR,0.4,4.8,7.2,12,381.7,0.4,1,18,0,18,0,CCCCCCCCCCCCCCCCCC(=O)OC(COC(=O)CCCCCCCCCCCCCCC)COP(=O)(O)OCC[N+](C)(C)C
HSPC,75,20,5,SR,0.44,5.28,6.72,12,534.3,0.332,1,18,0,18,0,CCCCCCCCCCCCCCCCCC(=O)OC(COC(=O)CCCCCCCCCCCCCCC)COP(=O)(O)OCC[N+](C)(C)C
HSPC,75,20,5,SR,0.48,5.76,6.24,12,599,0.22,1,18,0,18,0,CCCCCCCCCCCCCCCCCC(=O)OC(COC(=O)CCCCCCCCCCCCCCC)COP(=O)(O)OCC[N+](C)(C)C
HSPC,55,40,5,ZZ,0.14,1.68,10.32,12,114.87,0.312,1,18,0,18,0,CCCCCCCCCCCCCCCCCC(=O)OC(COC(=O)CCCCCCCCCCCCCCC)COP(=O)(O)OCC[N+](C)(C)C
DOPC,80,20,0,SR,0.2,2.4,9.6,12,67.63,0.28,1,18,1,18,1,[O-]P(OCC[N+](C)(C)C)(OC[C@]([H])(OC(CCCCCCC/C=C\CCCCCCCC)=O)COC(CCCCCCC/C=C\CCCCCCCC)=O)=O
POPC,80,20,0,SR,0.32,3.84,8.16,12,56.24,0.166,2,16,0,18,1,CCCCCCCCCCCCCCCC(=O)OCC(COP(=O)([O-])OCC[N+](C)(C)C)OC(=O)CCCCCCCC=CCCCCCCCC
POPC,75,20,5,SR,0.36,4.32,7.68,12,51.22,0.162,1,16,0,18,1,CCCCCCCCCCCCCCCC(=O)OCC(COP(=O)([O-])OCC[N+](C)(C)C)OC(=O)CCCCCCCC=CCCCCCCCC
DOPC,60,40,0,ZZ,0.14,1.68,10.32,12,51.15,0.207,1,18,1,18,1,[O-]P(OCC[N+](C)(C)C)(OC[C@]([H])(OC(CCCCCCC/C=C\CCCCCCCC)=O)COC(CCCCCCC/C=C\CCCCCCCC)=O)=O
POPC,100,0,0,ZZ,0.42,5.04,6.96,12,143.07,0.484,1,16,0,18,1,CCCCCCCCCCCCCCCC(=O)OCC(COP(=O)([O-])OCC[N+](C)(C)C)OC(=O)CCCCCCCC=CCCCCCCCC
POPC,75,20,5,ZZ,0.34,4.08,7.92,12,49.93,0.054,1,16,0,18,1,CCCCCCCCCCCCCCCC(=O)OCC(COP(=O)([O-])OCC[N+](C)(C)C)OC(=O)CCCCCCCC=CCCCCCCCC
POPC,95,0,5,SR,0.36,4.32,7.68,12,49.85,0.057,2,16,0,18,1,CCCCCCCCCCCCCCCC(=O)OCC(COP(=O)([O-])OCC[N+](C)(C)C)OC(=O)CCCCCCCC=CCCCCCCCC
DOPC,100,0,0,SR,0.28,3.36,8.64,12,49.78,0.198,1,18,1,18,1,[O-]P(OCC[N+](C)(C)C)(OC[C@]([H])(OC(CCCCCCC/C=C\CCCCCCCC)=O)COC(CCCCCCC/C=C\CCCCCCCC)=O)=O
HSPC,55,40,5,ZZ,0.5,6,6,12,167.47,0.245,1,18,0,18,0,CCCCCCCCCCCCCCCCCC(=O)OC(COC(=O)CCCCCCCCCCCCCCC)COP(=O)(O)OCC[N+](C)(C)C
DOPC,55,40,5,ZZ,0.34,4.08,7.92,12,49.67,0.105,1,18,1,18,1,[O-]P(OCC[N+](C)(C)C)(OC[C@]([H])(OC(CCCCCCC/C=C\CCCCCCCC)=O)COC(CCCCCCC/C=C\CCCCCCCC)=O)=O
POPC,55,40,5,SR,0.28,3.36,8.64,12,49.57,0.165,2,16,0,18,1,CCCCCCCCCCCCCCCC(=O)OCC(COP(=O)([O-])OCC[N+](C)(C)C)OC(=O)CCCCCCCC=CCCCCCCCC
DOPC,80,20,0,ZZ,0.18,2.16,9.84,12,51.88,0.246,1,18,1,18,1,[O-]P(OCC[N+](C)(C)C)(OC[C@]([H])(OC(CCCCCCC/C=C\CCCCCCCC)=O)COC(CCCCCCC/C=C\CCCCCCCC)=O)=O
DOPC,95,0,5,ZZ,0.34,4.08,7.92,12,49.47,0.045,1,18,1,18,1,[O-]P(OCC[N+](C)(C)C)(OC[C@]([H])(OC(CCCCCCC/C=C\CCCCCCCC)=O)COC(CCCCCCC/C=C\CCCCCCCC)=O)=O
DOPC,60,40,0,SR,0.32,3.84,8.16,12,48.89,0.224,2,18,1,18,1,[O-]P(OCC[N+](C)(C)C)(OC[C@]([H])(OC(CCCCCCC/C=C\CCCCCCCC)=O)COC(CCCCCCC/C=C\CCCCCCCC)=O)=O
POPC,55,40,5,ZZ,0.26,3.12,8.88,12,48.89,0.13,1,16,0,18,1,CCCCCCCCCCCCCCCC(=O)OCC(COP(=O)([O-])OCC[N+](C)(C)C)OC(=O)CCCCCCCC=CCCCCCCCC
DOPC,100,0,0,ZZ,0.26,3.12,8.88,12,43.46,0.188,1,18,1,18,1,[O-]P(OCC[N+](C)(C)C)(OC[C@]([H])(OC(CCCCCCC/C=C\CCCCCCCC)=O)COC(CCCCCCC/C=C\CCCCCCCC)=O)=O
DOPC,80,20,0,SR,0.16,1.92,10.08,12,38.76,0.217,2,18,1,18,1,[O-]P(OCC[N+](C)(C)C)(OC[C@]([H])(OC(CCCCCCC/C=C\CCCCCCCC)=O)COC(CCCCCCC/C=C\CCCCCCCC)=O)=O
POPC,75,20,5,SR,0.32,3.84,8.16,12,48.32,0.078,1,16,0,18,1,CCCCCCCCCCCCCCCC(=O)OCC(COP(=O)([O-])OCC[N+](C)(C)C)OC(=O)CCCCCCCC=CCCCCCCCC
DPPC,75,20,5,ZZ,0.18,2.16,9.84,12,47.48,0.235,2,16,0,16,0,[O-]P(OCC[N+](C)(C)C)(OC[C@]([H])(OC(CCCCCCCCCCCCCCC)=O)COC(CCCCCCCCCCCCCCC)=O)=O
DOPC,75,20,5,SR,0.32,3.84,8.16,12,47.37,0.066,1,18,1,18,1,[O-]P(OCC[N+](C)(C)C)(OC[C@]([H])(OC(CCCCCCC/C=C\CCCCCCCC)=O)COC(CCCCCCC/C=C\CCCCCCCC)=O)=O
POPC,80,20,0,ZZ,0.3,3.6,8.4,12,58.56,0.145,2,16,0,18,1,CCCCCCCCCCCCCCCC(=O)OCC(COP(=O)([O-])OCC[N+](C)(C)C)OC(=O)CCCCCCCC=CCCCCCCCC
DMPC,100,0,0,SR,0.32,3.84,8.16,12,39.75,0.116,2,14,0,14,0,[O-]P(OCC[N+](C)(C)C)(OC[C@]([H])(OC(CCCCCCCCCCCCC)=O)COC(CCCCCCCCCCCCC)=O)=O
DOPC,95,0,5,SR,0.36,4.32,7.68,12,46.22,0.068,2,18,1,18,1,[O-]P(OCC[N+](C)(C)C)(OC[C@]([H])(OC(CCCCCCC/C=C\CCCCCCCC)=O)COC(CCCCCCC/C=C\CCCCCCCC)=O)=O
POPC,60,40,0,ZZ,0.22,2.64,9.36,12,46.13,0.223,1,16,0,18,1,CCCCCCCCCCCCCCCC(=O)OCC(COP(=O)([O-])OCC[N+](C)(C)C)OC(=O)CCCCCCCC=CCCCCCCCC
POPC,55,40,5,SR,0.2,2.4,9.6,12,46.02,0.094,1,16,0,18,1,CCCCCCCCCCCCCCCC(=O)OCC(COP(=O)([O-])OCC[N+](C)(C)C)OC(=O)CCCCCCCC=CCCCCCCCC
POPC,100,0,0,SR,0.4,4.8,7.2,12,66.07,0.101,2,16,0,18,1,CCCCCCCCCCCCCCCC(=O)OCC(COP(=O)([O-])OCC[N+](C)(C)C)OC(=O)CCCCCCCC=CCCCCCCCC
POPC,100,0,0,ZZ,0.38,4.56,7.44,12,67.82,0.095,1,16,0,18,1,CCCCCCCCCCCCCCCC(=O)OCC(COP(=O)([O-])OCC[N+](C)(C)C)OC(=O)CCCCCCCC=CCCCCCCCC
POPC,100,0,0,SR,0.36,4.32,7.68,12,53.35,0.129,2,16,0,18,1,CCCCCCCCCCCCCCCC(=O)OCC(COP(=O)([O-])OCC[N+](C)(C)C)OC(=O)CCCCCCCC=CCCCCCCCC
DMPC,95,0,5,SR,0.24,2.88,9.12,12,45.57,0.017,1,14,0,14,0,[O-]P(OCC[N+](C)(C)C)(OC[C@]([H])(OC(CCCCCCCCCCCCC)=O)COC(CCCCCCCCCCCCC)=O)=O
POPC,100,0,0,ZZ,0.34,4.08,7.92,12,50.09,0.17,1,16,0,18,1,CCCCCCCCCCCCCCCC(=O)OCC(COP(=O)([O-])OCC[N+](C)(C)C)OC(=O)CCCCCCCC=CCCCCCCCC
POPC,80,20,0,SR,0.28,3.36,8.64,12,51.22,0.16,1,16,0,18,1,CCCCCCCCCCCCCCCC(=O)OCC(COP(=O)([O-])OCC[N+](C)(C)C)OC(=O)CCCCCCCC=CCCCCCCCC
POPC,55,40,5,SR,0.24,2.88,9.12,12,44.88,0.036,1,16,0,18,1,CCCCCCCCCCCCCCCC(=O)OCC(COP(=O)([O-])OCC[N+](C)(C)C)OC(=O)CCCCCCCC=CCCCCCCCC
POPC,95,0,5,SR,0.32,3.84,8.16,12,44.84,0.056,2,16,0,18,1,CCCCCCCCCCCCCCCC(=O)OCC(COP(=O)([O-])OCC[N+](C)(C)C)OC(=O)CCCCCCCC=CCCCCCCCC
DOPC,60,40,0,SR,0.28,3.36,8.64,12,44.77,0.237,1,18,1,18,1,[O-]P(OCC[N+](C)(C)C)(OC[C@]([H])(OC(CCCCCCC/C=C\CCCCCCCC)=O)COC(CCCCCCC/C=C\CCCCCCCC)=O)=O
DOPC,100,0,0,SR,0.24,2.88,9.12,12,43.1,0.187,1,18,1,18,1,[O-]P(OCC[N+](C)(C)C)(OC[C@]([H])(OC(CCCCCCC/C=C\CCCCCCCC)=O)COC(CCCCCCC/C=C\CCCCCCCC)=O)=O
DOPC,55,40,5,SR,0.32,3.84,8.16,12,44.6,0.093,1,18,1,18,1,[O-]P(OCC[N+](C)(C)C)(OC[C@]([H])(OC(CCCCCCC/C=C\CCCCCCCC)=O)COC(CCCCCCC/C=C\CCCCCCCC)=O)=O
POPC,100,0,0,SR,0.32,3.84,8.16,12,45.22,0.141,1,16,0,18,1,CCCCCCCCCCCCCCCC(=O)OCC(COP(=O)([O-])OCC[N+](C)(C)C)OC(=O)CCCCCCCC=CCCCCCCCC
POPC,75,20,5,SR,0.28,3.36,8.64,12,44.45,0.061,1,16,0,18,1,CCCCCCCCCCCCCCCC(=O)OCC(COP(=O)([O-])OCC[N+](C)(C)C)OC(=O)CCCCCCCC=CCCCCCCCC
DOPC,100,0,0,ZZ,0.22,2.64,9.36,12,38.51,0.179,2,18,1,18,1,[O-]P(OCC[N+](C)(C)C)(OC[C@]([H])(OC(CCCCCCC/C=C\CCCCCCCC)=O)COC(CCCCCCC/C=C\CCCCCCCC)=O)=O
POPC,75,20,5,ZZ,0.3,3.6,8.4,12,44.14,0.146,1,16,0,18,1,CCCCCCCCCCCCCCCC(=O)OCC(COP(=O)([O-])OCC[N+](C)(C)C)OC(=O)CCCCCCCC=CCCCCCCCC
DMPC,95,0,5,ZZ,0.26,3.12,8.88,12,43.83,0.019,1,14,0,14,0,[O-]P(OCC[N+](C)(C)C)(OC[C@]([H])(OC(CCCCCCCCCCCCC)=O)COC(CCCCCCCCCCCCC)=O)=O
DOPC,100,0,0,SR,0.2,2.4,9.6,12,44.39,0.229,2,18,1,18,1,[O-]P(OCC[N+](C)(C)C)(OC[C@]([H])(OC(CCCCCCC/C=C\CCCCCCCC)=O)COC(CCCCCCC/C=C\CCCCCCCC)=O)=O
POPC,80,20,0,ZZ,0.26,3.12,8.88,12,58.39,0.271,2,16,0,18,1,CCCCCCCCCCCCCCCC(=O)OCC(COP(=O)([O-])OCC[N+](C)(C)C)OC(=O)CCCCCCCC=CCCCCCCCC
POPC,55,40,5,ZZ,0.18,2.16,9.84,12,43.67,0.199,1,16,0,18,1,CCCCCCCCCCCCCCCC(=O)OCC(COP(=O)([O-])OCC[N+](C)(C)C)OC(=O)CCCCCCCC=CCCCCCCCC
POPC,95,0,5,ZZ,0.34,4.08,7.92,12,43.66,0.089,1,16,0,18,1,CCCCCCCCCCCCCCCC(=O)OCC(COP(=O)([O-])OCC[N+](C)(C)C)OC(=O)CCCCCCCC=CCCCCCCCC
POPC,80,20,0,SR,0.24,2.88,9.12,12,45.19,0.175,1,16,0,18,1,CCCCCCCCCCCCCCCC(=O)OCC(COP(=O)([O-])OCC[N+](C)(C)C)OC(=O)CCCCCCCC=CCCCCCCCC
POPC,80,20,0,ZZ,0.22,2.64,9.36,12,46.9,0.253,1,16,0,18,1,CCCCCCCCCCCCCCCC(=O)OCC(COP(=O)([O-])OCC[N+](C)(C)C)OC(=O)CCCCCCCC=CCCCCCCCC
DOPC,75,20,5,ZZ,0.3,3.6,8.4,12,43.62,0.082,1,18,1,18,1,[O-]P(OCC[N+](C)(C)C)(OC[C@]([H])(OC(CCCCCCC/C=C\CCCCCCCC)=O)COC(CCCCCCC/C=C\CCCCCCCC)=O)=O
DOPC,100,0,0,ZZ,0.18,2.16,9.84,12,44.73,0.235,1,18,1,18,1,[O-]P(OCC[N+](C)(C)C)(OC[C@]([H])(OC(CCCCCCC/C=C\CCCCCCCC)=O)COC(CCCCCCC/C=C\CCCCCCCC)=O)=O
DOPC,95,0,5,SR,0.32,3.84,8.16,12,43.43,0.047,1,18,1,18,1,[O-]P(OCC[N+](C)(C)C)(OC[C@]([H])(OC(CCCCCCC/C=C\CCCCCCCC)=O)COC(CCCCCCC/C=C\CCCCCCCC)=O)=O
DOPC,100,0,0,SR,0.16,1.92,10.08,12,43.71,0.24,1,18,1,18,1,[O-]P(OCC[N+](C)(C)C)(OC[C@]([H])(OC(CCCCCCC/C=C\CCCCCCCC)=O)COC(CCCCCCC/C=C\CCCCCCCC)=O)=O
DOPC,95,0,5,ZZ,0.3,3.6,8.4,12,42.83,0.087,1,18,1,18,1,[O-]P(OCC[N+](C)(C)C)(OC[C@]([H])(OC(CCCCCCC/C=C\CCCCCCCC)=O)COC(CCCCCCC/C=C\CCCCCCCC)=O)=O
POPC,95,0,5,ZZ,0.3,3.6,8.4,12,42.18,0.093,2,16,0,18,1,CCCCCCCCCCCCCCCC(=O)OCC(COP(=O)([O-])OCC[N+](C)(C)C)OC(=O)CCCCCCCC=CCCCCCCCC
POPC,55,40,5,SR,0.16,1.92,10.08,12,41.87,0.154,1,16,0,18,1,CCCCCCCCCCCCCCCC(=O)OCC(COP(=O)([O-])OCC[N+](C)(C)C)OC(=O)CCCCCCCC=CCCCCCCCC
DPPC,75,20,5,SR,0.2,2.4,9.6,12,40.95,0.165,2,16,0,16,0,[O-]P(OCC[N+](C)(C)C)(OC[C@]([H])(OC(CCCCCCCCCCCCCCC)=O)COC(CCCCCCCCCCCCCCC)=O)=O
POPC,80,20,0,SR,0.2,2.4,9.6,12,43.71,0.213,1,16,0,18,1,CCCCCCCCCCCCCCCC(=O)OCC(COP(=O)([O-])OCC[N+](C)(C)C)OC(=O)CCCCCCCC=CCCCCCCCC
POPC,60,40,0,ZZ,0.14,1.68,10.32,12,124.07,0.296,1,16,0,18,1,CCCCCCCCCCCCCCCC(=O)OCC(COP(=O)([O-])OCC[N+](C)(C)C)OC(=O)CCCCCCCC=CCCCCCCCC
DOPC,95,0,5,ZZ,0.26,3.12,8.88,12,40.53,0.068,2,18,1,18,1,[O-]P(OCC[N+](C)(C)C)(OC[C@]([H])(OC(CCCCCCC/C=C\CCCCCCCC)=O)COC(CCCCCCC/C=C\CCCCCCCC)=O)=O
DOPC,95,0,5,SR,0.28,3.36,8.64,12,40,0.071,1,18,1,18,1,[O-]P(OCC[N+](C)(C)C)(OC[C@]([H])(OC(CCCCCCC/C=C\CCCCCCCC)=O)COC(CCCCCCC/C=C\CCCCCCCC)=O)=O
POPC,75,20,5,ZZ,0.26,3.12,8.88,12,39.95,0.136,1,16,0,18,1,CCCCCCCCCCCCCCCC(=O)OCC(COP(=O)([O-])OCC[N+](C)(C)C)OC(=O)CCCCCCCC=CCCCCCCCC
POPC,95,0,5,SR,0.28,3.36,8.64,12,39.76,0.036,1,16,0,18,1,CCCCCCCCCCCCCCCC(=O)OCC(COP(=O)([O-])OCC[N+](C)(C)C)OC(=O)CCCCCCCC=CCCCCCCCC
DMPC,100,0,0,ZZ,0.3,3.6,8.4,12,46.68,0.108,1,14,0,14,0,[O-]P(OCC[N+](C)(C)C)(OC[C@]([H])(OC(CCCCCCCCCCCCC)=O)COC(CCCCCCCCCCCCC)=O)=O
POPC,100,0,0,ZZ,0.3,3.6,8.4,12,39.11,0.128,1,16,0,18,1,CCCCCCCCCCCCCCCC(=O)OCC(COP(=O)([O-])OCC[N+](C)(C)C)OC(=O)CCCCCCCC=CCCCCCCCC
POPC,80,20,0,ZZ,0.18,2.16,9.84,12,35.01,0.189,1,16,0,18,1,CCCCCCCCCCCCCCCC(=O)OCC(COP(=O)([O-])OCC[N+](C)(C)C)OC(=O)CCCCCCCC=CCCCCCCCC
POPC,60,40,0,ZZ,0.46,5.52,6.48,12,2447,0.235,2,16,0,18,1,CCCCCCCCCCCCCCCC(=O)OCC(COP(=O)([O-])OCC[N+](C)(C)C)OC(=O)CCCCCCCC=CCCCCCCCC
POPC,60,40,0,ZZ,0.5,6,6,12,2967,0.284,1,16,0,18,1,CCCCCCCCCCCCCCCC(=O)OCC(COP(=O)([O-])OCC[N+](C)(C)C)OC(=O)CCCCCCCC=CCCCCCCCC
DOPC,75,20,5,ZZ,0.26,3.12,8.88,12,39.46,0.033,1,18,1,18,1,[O-]P(OCC[N+](C)(C)C)(OC[C@]([H])(OC(CCCCCCC/C=C\CCCCCCCC)=O)COC(CCCCCCC/C=C\CCCCCCCC)=O)=O
POPC,100,0,0,SR,0.28,3.36,8.64,12,39.75,0.059,1,16,0,18,1,CCCCCCCCCCCCCCCC(=O)OCC(COP(=O)([O-])OCC[N+](C)(C)C)OC(=O)CCCCCCCC=CCCCCCCCC
DPPC,75,20,5,ZZ,0.14,1.68,10.32,12,38.9,0.23,2,16,0,16,0,[O-]P(OCC[N+](C)(C)C)(OC[C@]([H])(OC(CCCCCCCCCCCCCCC)=O)COC(CCCCCCCCCCCCCCC)=O)=O
DOPC,80,20,0,ZZ,0.14,1.68,10.32,12,63.78,0.252,1,18,1,18,1,[O-]P(OCC[N+](C)(C)C)(OC[C@]([H])(OC(CCCCCCC/C=C\CCCCCCCC)=O)COC(CCCCCCC/C=C\CCCCCCCC)=O)=O
DOPC,100,0,0,ZZ,0.14,1.68,10.32,12,59.47,0.257,1,18,1,18,1,[O-]P(OCC[N+](C)(C)C)(OC[C@]([H])(OC(CCCCCCC/C=C\CCCCCCCC)=O)COC(CCCCCCC/C=C\CCCCCCCC)=O)=O
POPC,75,20,5,SR,0.24,2.88,9.12,12,38.51,0.146,2,16,0,18,1,CCCCCCCCCCCCCCCC(=O)OCC(COP(=O)([O-])OCC[N+](C)(C)C)OC(=O)CCCCCCCC=CCCCCCCCC
POPC,75,20,5,ZZ,0.22,2.64,9.36,12,38.38,0.141,2,16,0,18,1,CCCCCCCCCCCCCCCC(=O)OCC(COP(=O)([O-])OCC[N+](C)(C)C)OC(=O)CCCCCCCC=CCCCCCCCC
POPC,100,0,0,ZZ,0.26,3.12,8.88,12,38.21,0.156,1,16,0,18,1,CCCCCCCCCCCCCCCC(=O)OCC(COP(=O)([O-])OCC[N+](C)(C)C)OC(=O)CCCCCCCC=CCCCCCCCC
POPC,60,40,0,SR,0.48,5.76,6.24,12,1153.7,0.056,1,16,0,18,1,CCCCCCCCCCCCCCCC(=O)OCC(COP(=O)([O-])OCC[N+](C)(C)C)OC(=O)CCCCCCCC=CCCCCCCCC
DOPC,55,40,5,ZZ,0.3,3.6,8.4,12,38.07,0.092,1,18,1,18,1,[O-]P(OCC[N+](C)(C)C)(OC[C@]([H])(OC(CCCCCCC/C=C\CCCCCCCC)=O)COC(CCCCCCC/C=C\CCCCCCCC)=O)=O
DOPC,75,20,5,SR,0.28,3.36,8.64,12,37.99,0.078,2,18,1,18,1,[O-]P(OCC[N+](C)(C)C)(OC[C@]([H])(OC(CCCCCCC/C=C\CCCCCCCC)=O)COC(CCCCCCC/C=C\CCCCCCCC)=O)=O
POPC,75,20,5,ZZ,0.18,2.16,9.84,12,37.91,0.164,1,16,0,18,1,CCCCCCCCCCCCCCCC(=O)OCC(COP(=O)([O-])OCC[N+](C)(C)C)OC(=O)CCCCCCCC=CCCCCCCCC
POPC,75,20,5,SR,0.2,2.4,9.6,12,37.13,0.122,2,16,0,18,1,CCCCCCCCCCCCCCCC(=O)OCC(COP(=O)([O-])OCC[N+](C)(C)C)OC(=O)CCCCCCCC=CCCCCCCCC
DMPC,95,0,5,ZZ,0.22,2.64,9.36,12,36.93,0.039,2,14,0,14,0,[O-]P(OCC[N+](C)(C)C)(OC[C@]([H])(OC(CCCCCCCCCCCCC)=O)COC(CCCCCCCCCCCCC)=O)=O
DMPC,100,0,0,SR,0.28,3.36,8.64,12,36.9,0.139,1,14,0,14,0,[O-]P(OCC[N+](C)(C)C)(OC[C@]([H])(OC(CCCCCCCCCCCCC)=O)COC(CCCCCCCCCCCCC)=O)=O
DMPC,100,0,0,ZZ,0.26,3.12,8.88,12,36.56,0.123,1,14,0,14,0,[O-]P(OCC[N+](C)(C)C)(OC[C@]([H])(OC(CCCCCCCCCCCCC)=O)COC(CCCCCCCCCCCCC)=O)=O
POPC,100,0,0,SR,0.24,2.88,9.12,12,36.32,0.131,1,16,0,18,1,CCCCCCCCCCCCCCCC(=O)OCC(COP(=O)([O-])OCC[N+](C)(C)C)OC(=O)CCCCCCCC=CCCCCCCCC
DMPC,100,0,0,SR,0.24,2.88,9.12,12,36.44,0.122,2,14,0,14,0,[O-]P(OCC[N+](C)(C)C)(OC[C@]([H])(OC(CCCCCCCCCCCCC)=O)COC(CCCCCCCCCCCCC)=O)=O
POPC,95,0,5,ZZ,0.5,6,6,12,220.1,0.266,1,16,0,18,1,CCCCCCCCCCCCCCCC(=O)OCC(COP(=O)([O-])OCC[N+](C)(C)C)OC(=O)CCCCCCCC=CCCCCCCCC
DMPC,100,0,0,ZZ,0.22,2.64,9.36,12,36.9,0.1,2,14,0,14,0,[O-]P(OCC[N+](C)(C)C)(OC[C@]([H])(OC(CCCCCCCCCCCCC)=O)COC(CCCCCCCCCCCCC)=O)=O
POPC,100,0,0,ZZ,0.22,2.64,9.36,12,32.95,0.113,1,16,0,18,1,CCCCCCCCCCCCCCCC(=O)OCC(COP(=O)([O-])OCC[N+](C)(C)C)OC(=O)CCCCCCCC=CCCCCCCCC
DMPC,100,0,0,SR,0.2,2.4,9.6,12,32.72,0.175,1,14,0,14,0,[O-]P(OCC[N+](C)(C)C)(OC[C@]([H])(OC(CCCCCCCCCCCCC)=O)COC(CCCCCCCCCCCCC)=O)=O
DOPC,55,40,5,ZZ,0.26,3.12,8.88,12,35.86,0.161,1,18,1,18,1,[O-]P(OCC[N+](C)(C)C)(OC[C@]([H])(OC(CCCCCCC/C=C\CCCCCCCC)=O)COC(CCCCCCC/C=C\CCCCCCCC)=O)=O
DOPC,95,0,5,ZZ,0.22,2.64,9.36,12,35.73,0.065,2,18,1,18,1,[O-]P(OCC[N+](C)(C)C)(OC[C@]([H])(OC(CCCCCCC/C=C\CCCCCCCC)=O)COC(CCCCCCC/C=C\CCCCCCCC)=O)=O
POPC,95,0,5,SR,0.24,2.88,9.12,12,35.41,0.101,1,16,0,18,1,CCCCCCCCCCCCCCCC(=O)OCC(COP(=O)([O-])OCC[N+](C)(C)C)OC(=O)CCCCCCCC=CCCCCCCCC
POPC,80,20,0,SR,0.16,1.92,10.08,12,39.62,0.161,1,16,0,18,1,CCCCCCCCCCCCCCCC(=O)OCC(COP(=O)([O-])OCC[N+](C)(C)C)OC(=O)CCCCCCCC=CCCCCCCCC
POPC,100,0,0,SR,0.2,2.4,9.6,12,36.78,0.125,2,16,0,18,1,CCCCCCCCCCCCCCCC(=O)OCC(COP(=O)([O-])OCC[N+](C)(C)C)OC(=O)CCCCCCCC=CCCCCCCCC
DOPC,95,0,5,SR,0.24,2.88,9.12,12,34.68,0.106,1,18,1,18,1,[O-]P(OCC[N+](C)(C)C)(OC[C@]([H])(OC(CCCCCCC/C=C\CCCCCCCC)=O)COC(CCCCCCC/C=C\CCCCCCCC)=O)=O
DOPC,75,20,5,ZZ,0.22,2.64,9.36,12,34.63,0.089,1,18,1,18,1,[O-]P(OCC[N+](C)(C)C)(OC[C@]([H])(OC(CCCCCCC/C=C\CCCCCCCC)=O)COC(CCCCCCC/C=C\CCCCCCCC)=O)=O
DMPC,95,0,5,SR,0.2,2.4,9.6,12,34.23,0.033,1,14,0,14,0,[O-]P(OCC[N+](C)(C)C)(OC[C@]([H])(OC(CCCCCCCCCCCCC)=O)COC(CCCCCCCCCCCCC)=O)=O
DOPC,75,20,5,ZZ,0.18,2.16,9.84,12,34.15,0.206,1,18,1,18,1,[O-]P(OCC[N+](C)(C)C)(OC[C@]([H])(OC(CCCCCCC/C=C\CCCCCCCC)=O)COC(CCCCCCC/C=C\CCCCCCCC)=O)=O
POPC,95,0,5,ZZ,0.22,2.64,9.36,12,34.13,0.163,1,16,0,18,1,CCCCCCCCCCCCCCCC(=O)OCC(COP(=O)([O-])OCC[N+](C)(C)C)OC(=O)CCCCCCCC=CCCCCCCCC
POPC,80,20,0,ZZ,0.14,1.68,10.32,12,33.92,0.141,1,16,0,18,1,CCCCCCCCCCCCCCCC(=O)OCC(COP(=O)([O-])OCC[N+](C)(C)C)OC(=O)CCCCCCCC=CCCCCCCCC
POPC,95,0,5,SR,0.2,2.4,9.6,12,33.78,0.141,2,16,0,18,1,CCCCCCCCCCCCCCCC(=O)OCC(COP(=O)([O-])OCC[N+](C)(C)C)OC(=O)CCCCCCCC=CCCCCCCCC
DOPC,95,0,5,ZZ,0.14,1.68,10.32,12,33.74,0.115,1,18,1,18,1,[O-]P(OCC[N+](C)(C)C)(OC[C@]([H])(OC(CCCCCCC/C=C\CCCCCCCC)=O)COC(CCCCCCC/C=C\CCCCCCCC)=O)=O
POPC,95,0,5,ZZ,0.26,3.12,8.88,12,33.72,0.104,1,16,0,18,1,CCCCCCCCCCCCCCCC(=O)OCC(COP(=O)([O-])OCC[N+](C)(C)C)OC(=O)CCCCCCCC=CCCCCCCCC
DOPC,95,0,5,ZZ,0.18,2.16,9.84,12,33.39,0.069,2,18,1,18,1,[O-]P(OCC[N+](C)(C)C)(OC[C@]([H])(OC(CCCCCCC/C=C\CCCCCCCC)=O)COC(CCCCCCC/C=C\CCCCCCCC)=O)=O
POPC,75,20,5,SR,0.16,1.92,10.08,12,33.25,0.082,1,16,0,18,1,CCCCCCCCCCCCCCCC(=O)OCC(COP(=O)([O-])OCC[N+](C)(C)C)OC(=O)CCCCCCCC=CCCCCCCCC
DOPC,55,40,5,ZZ,0.22,2.64,9.36,12,33.12,0.181,1,18,1,18,1,[O-]P(OCC[N+](C)(C)C)(OC[C@]([H])(OC(CCCCCCC/C=C\CCCCCCCC)=O)COC(CCCCCCC/C=C\CCCCCCCC)=O)=O
DOPC,75,20,5,SR,0.24,2.88,9.12,12,32.98,0.116,1,18,1,18,1,[O-]P(OCC[N+](C)(C)C)(OC[C@]([H])(OC(CCCCCCC/C=C\CCCCCCCC)=O)COC(CCCCCCC/C=C\CCCCCCCC)=O)=O
POPC,100,0,0,ZZ,0.18,2.16,9.84,12,34.76,0.234,2,16,0,18,1,CCCCCCCCCCCCCCCC(=O)OCC(COP(=O)([O-])OCC[N+](C)(C)C)OC(=O)CCCCCCCC=CCCCCCCCC
DOPC,55,40,5,SR,0.28,3.36,8.64,12,32.89,0.17,2,18,1,18,1,[O-]P(OCC[N+](C)(C)C)(OC[C@]([H])(OC(CCCCCCC/C=C\CCCCCCCC)=O)COC(CCCCCCC/C=C\CCCCCCCC)=O)=O
POPC,55,40,5,ZZ,0.14,1.68,10.32,12,32.85,0.252,2,16,0,18,1,CCCCCCCCCCCCCCCC(=O)OCC(COP(=O)([O-])OCC[N+](C)(C)C)OC(=O)CCCCCCCC=CCCCCCCCC
POPC,95,0,5,ZZ,0.18,2.16,9.84,12,32.8,0.125,2,16,0,18,1,CCCCCCCCCCCCCCCC(=O)OCC(COP(=O)([O-])OCC[N+](C)(C)C)OC(=O)CCCCCCCC=CCCCCCCCC
DMPC,95,0,5,ZZ,0.14,1.68,10.32,12,32.75,0.133,2,14,0,14,0,[O-]P(OCC[N+](C)(C)C)(OC[C@]([H])(OC(CCCCCCCCCCCCC)=O)COC(CCCCCCCCCCCCC)=O)=O
POPC,75,20,5,ZZ,0.14,1.68,10.32,12,32.75,0.1122,1,16,0,18,1,CCCCCCCCCCCCCCCC(=O)OCC(COP(=O)([O-])OCC[N+](C)(C)C)OC(=O)CCCCCCCC=CCCCCCCCC
DOPC,75,20,5,ZZ,0.14,1.68,10.32,12,32.73,0.11,2,18,1,18,1,[O-]P(OCC[N+](C)(C)C)(OC[C@]([H])(OC(CCCCCCC/C=C\CCCCCCCC)=O)COC(CCCCCCC/C=C\CCCCCCCC)=O)=O
DMPC,100,0,0,ZZ,0.18,2.16,9.84,12,36.31,0.163,2,14,0,14,0,[O-]P(OCC[N+](C)(C)C)(OC[C@]([H])(OC(CCCCCCCCCCCCC)=O)COC(CCCCCCCCCCCCC)=O)=O
POPC,95,0,5,SR,0.16,1.92,10.08,12,32.69,0.106,1,16,0,18,1,CCCCCCCCCCCCCCCC(=O)OCC(COP(=O)([O-])OCC[N+](C)(C)C)OC(=O)CCCCCCCC=CCCCCCCCC
POPC,100,0,0,SR,0.16,1.92,10.08,12,32.53,0.105,1,16,0,18,1,CCCCCCCCCCCCCCCC(=O)OCC(COP(=O)([O-])OCC[N+](C)(C)C)OC(=O)CCCCCCCC=CCCCCCCCC
DMPC,100,0,0,SR,0.16,1.92,10.08,12,31.04,0.191,2,14,0,14,0,[O-]P(OCC[N+](C)(C)C)(OC[C@]([H])(OC(CCCCCCCCCCCCC)=O)COC(CCCCCCCCCCCCC)=O)=O
DOPC,95,0,5,SR,0.2,2.4,9.6,12,31.77,0.095,1,18,1,18,1,[O-]P(OCC[N+](C)(C)C)(OC[C@]([H])(OC(CCCCCCC/C=C\CCCCCCCC)=O)COC(CCCCCCC/C=C\CCCCCCCC)=O)=O
DMPC,95,0,5,SR,0.16,1.92,10.08,12,31.73,0.075,2,14,0,14,0,[O-]P(OCC[N+](C)(C)C)(OC[C@]([H])(OC(CCCCCCCCCCCCC)=O)COC(CCCCCCCCCCCCC)=O)=O
DOPC,55,40,5,ZZ,0.14,1.68,10.32,12,31.35,0.235,2,18,1,18,1,[O-]P(OCC[N+](C)(C)C)(OC[C@]([H])(OC(CCCCCCC/C=C\CCCCCCCC)=O)COC(CCCCCCC/C=C\CCCCCCCC)=O)=O
DOPC,95,0,5,SR,0.16,1.92,10.08,12,31.08,0.119,2,18,1,18,1,[O-]P(OCC[N+](C)(C)C)(OC[C@]([H])(OC(CCCCCCC/C=C\CCCCCCCC)=O)COC(CCCCCCC/C=C\CCCCCCCC)=O)=O
DPPC,75,20,5,SR,0.16,1.92,10.08,12,31.06,0.175,1,16,0,16,0,[O-]P(OCC[N+](C)(C)C)(OC[C@]([H])(OC(CCCCCCCCCCCCCCC)=O)COC(CCCCCCCCCCCCCCC)=O)=O
DMPC,100,0,0,ZZ,0.14,1.68,10.32,12,32.32,0.06,1,14,0,14,0,[O-]P(OCC[N+](C)(C)C)(OC[C@]([H])(OC(CCCCCCCCCCCCC)=O)COC(CCCCCCCCCCCCC)=O)=O
DOPC,75,20,5,SR,0.2,2.4,9.6,12,31.01,0.159,2,18,1,18,1,[O-]P(OCC[N+](C)(C)C)(OC[C@]([H])(OC(CCCCCCC/C=C\CCCCCCCC)=O)COC(CCCCCCC/C=C\CCCCCCCC)=O)=O
DMPC,95,0,5,ZZ,0.18,2.16,9.84,12,30.84,0.095,2,14,0,14,0,[O-]P(OCC[N+](C)(C)C)(OC[C@]([H])(OC(CCCCCCCCCCCCC)=O)COC(CCCCCCCCCCCCC)=O)=O
DOPC,55,40,5,SR,0.24,2.88,9.12,12,30.6,0.2,1,18,1,18,1,[O-]P(OCC[N+](C)(C)C)(OC[C@]([H])(OC(CCCCCCC/C=C\CCCCCCCC)=O)COC(CCCCCCC/C=C\CCCCCCCC)=O)=O
DOPC,55,40,5,ZZ,0.18,2.16,9.84,12,29.34,0.167,2,18,1,18,1,[O-]P(OCC[N+](C)(C)C)(OC[C@]([H])(OC(CCCCCCC/C=C\CCCCCCCC)=O)COC(CCCCCCC/C=C\CCCCCCCC)=O)=O
DOPC,75,20,5,SR,0.16,1.92,10.08,12,28.86,0.116,1,18,1,18,1,[O-]P(OCC[N+](C)(C)C)(OC[C@]([H])(OC(CCCCCCC/C=C\CCCCCCCC)=O)COC(CCCCCCC/C=C\CCCCCCCC)=O)=O
DOPC,55,40,5,SR,0.16,1.92,10.08,12,28.11,0.237,1,18,1,18,1,[O-]P(OCC[N+](C)(C)C)(OC[C@]([H])(OC(CCCCCCC/C=C\CCCCCCCC)=O)COC(CCCCCCC/C=C\CCCCCCCC)=O)=O
POPC,100,0,0,ZZ,0.14,1.68,10.32,12,27.91,0.126,1,16,0,18,1,CCCCCCCCCCCCCCCC(=O)OCC(COP(=O)([O-])OCC[N+](C)(C)C)OC(=O)CCCCCCCC=CCCCCCCCC
POPC,60,40,0,ZZ,0.18,2.16,9.84,12,27.38,0.137,1,16,0,18,1,CCCCCCCCCCCCCCCC(=O)OCC(COP(=O)([O-])OCC[N+](C)(C)C)OC(=O)CCCCCCCC=CCCCCCCCC
POPC,95,0,5,ZZ,0.14,1.68,10.32,12,25.5,0.201,1,16,0,18,1,CCCCCCCCCCCCCCCC(=O)OCC(COP(=O)([O-])OCC[N+](C)(C)C)OC(=O)CCCCCCCC=CCCCCCCCC
